ListingID,Neighborhood,PropertyType,Condition,SqFt,LotSqFt,Beds,Baths,YearBuilt,DistanceToCityMiles,SchoolRating,CrimeIndex,MortgageRatePct,TotalRooms,OnlineEstimateUSD,SalePriceUSD,PostSaleAppraisalUSD
500001,Rural,House,Good,2216,9938,3,2.5,1956,14.19,4.8,48.5,6.36,9.5,487927.0,490004.0,459168.0
500002,University,House,Good,3028,5609,4,2.0,2022,9.43,7.6,38.4,4.97,8.0,738356.0,786742.0,788502.0
500003,Rural,Townhome,Good,2035,5331,3,2.5,2008,8.75,6.0,33.5,7.35,7.5,477247.0,467777.0,483201.0
500004,Suburb,Condo,,2642,8452,2,2.5,1986,21.96,6.6,39.5,6.27,8.5,644423.0,667625.0,677707.0
500005,Suburb,Condo,Good,1182,13430,1,3.5,2011,0.3,6.8,36.6,5.96,6.5,466989.0,463497.0,473091.0
500006,University,House,Fair,945,7123,3,2.5,1998,4.89,8.1,47.8,6.63,8.5,339058.0,396592.0,391508.0
500007,Downtown,House,Good,2777,8950,3,2.0,1989,0.3,8.0,47.3,6.52,10.0,741734.0,798362.0,803786.0
500008,University,Townhome,Fair,2809,6315,3,3.0,1970,7.07,9.5,43.6,5.53,9.0,655702.0,679100.0,674219.0
500009,University,House,Excellent,2182,5171,3,2.0,1963,7.57,7.2,44.8,7.19,7.0,498906.0,526932.0,525650.0
500010,Suburb,House,Excellent,1997,3752,3,2.0,2002,31.58,6.3,47.3,6.09,10.0,442193.0,461597.0,460203.0
500011,Suburb,Condo,Good,1958,7581,4,4.0,1960,10.99,6.3,67.4,5.19,12.0,572743.0,493488.0,454374.0
500012,Suburb,Condo,Good,1403,5429,3,1.5,2005,19.6,7.9,62.2,7.06,8.5,403309.0,401766.0,412206.0
500013,Suburb,Condo,Good,2850,5616,3,2.0,1979,16.65,9.2,36.5,7.14,7.0,596852.0,597735.0,602755.0
500014,Suburb,House,Good,2278,11355,2,2.0,1995,6.31,7.5,50.9,6.97,9.0,553302.0,596182.0,605672.0
500015,Suburb,House,Good,2179,,3,1.5,1952,11.78,6.2,40.1,6.55,9.5,618167.0,576564.0,565348.0
500016,Suburb,House,Excellent,,10956,3,1.0,2015,18.85,7.4,43.4,5.7,6.0,680827.0,598226.0,605998.0
500017,Waterfront,Condo,Good,2531,2525,2,3.0,1999,9.96,7.4,41.3,6.78,9.0,816988.0,859923.0,865247.0
500018,University,Townhome,Good,2178,9087,2,1.5,1985,10.17,7.0,35.8,7.33,6.5,521933.0,585381.0,559352.0
500019,Rural,House,Excellent,2334,4563,3,1.5,1989,11.92,6.0,25.1,6.71,6.5,520852.0,499392.0,478789.0
500020,Waterfront,Condo,Good,1090,4002,4,2.0,1951,0.3,3.4,9.2,7.18,10.0,487863.0,496489.0,496857.0
500021,Suburb,House,Excellent,2182,3898,3,1.5,2014,4.1,6.2,47.7,5.77,8.5,512789.0,622256.0,614349.0
500022,Downtown,House,Fair,3272,13445,5,1.5,2019,10.93,8.5,61.9,6.83,10.5,808536.0,892175.0,891746.0
500023,Rural,House,Good,1513,10682,3,2.5,2023,12.17,7.3,31.7,6.79,9.5,439293.0,428897.0,421270.0
500024,Downtown,House,Excellent,1766,4228,3,4.0,1993,3.47,3.9,52.1,5.35,12.0,652577.0,693957.0,710997.0
500025,Downtown,House,Excellent,2430,3285,2,2.5,2018,7.01,7.0,39.2,5.27,6.5,919136.0,889601.0,867420.0
500026,Suburb,House,Excellent,2472,6554,3,3.0,1996,8.2,4.4,48.8,5.8,9.0,678455.0,680831.0,664849.0
500027,Suburb,Condo,Good,2256,4934,5,1.0,2025,8.03,9.8,33.1,6.28,10.0,607595.0,665973.0,654456.0
500028,University,House,Excellent,799,17594,4,2.0,1995,13.05,7.3,41.4,6.5,11.0,442659.0,425016.0,409007.0
500029,Rural,Condo,Good,2176,2705,4,1.0,1976,9.56,5.3,43.1,6.1,7.0,388754.0,465493.0,458574.0
500030,Suburb,Townhome,Good,1081,2168,4,3.0,1953,9.91,8.1,10.4,6.19,9.0,506737.0,514791.0,514198.0
500031,Suburb,House,Fair,1314,5575,3,2.0,1958,0.51,5.9,47.9,6.16,10.0,444544.0,473159.0,457435.0
500032,Suburb,House,Fair,2206,6542,3,2.0,1971,2.66,7.8,42.7,6.28,9.0,706799.0,669617.0,673596.0
500033,Downtown,Townhome,Good,1658,7038,3,2.0,2003,10.83,7.0,8.8,6.58,10.0,598432.0,589440.0,604374.0
500034,Suburb,House,Good,2376,10215,4,1.5,1956,0.3,5.3,54.1,6.53,10.5,568992.0,604622.0,617037.0
500035,Rural,House,Good,3896,22552,4,1.0,1961,10.52,7.9,44.2,6.2,9.0,771008.0,823891.0,846847.0
500036,Suburb,House,Fair,2355,5293,4,2.5,1999,4.99,5.1,47.7,6.39,11.5,608196.0,596852.0,609740.0
500037,Suburb,Townhome,Excellent,2320,4689,3,,2004,4.08,8.9,49.9,5.96,9.0,621433.0,620702.0,620130.0
500038,Downtown,House,Fair,1268,2262,2,1.0,2014,12.77,7.1,38.7,6.7,6.0,499226.0,440600.0,460967.0
500039,University,House,Good,1432,7522,3,2.0,2001,4.89,5.6,29.1,5.93,10.0,521398.0,545559.0,553510.0
500040,Downtown,House,Excellent,1159,10847,2,1.5,2000,3.8,4.5,38.2,7.21,8.5,523727.0,490859.0,512327.0
500041,Suburb,House,Excellent,1504,5560,4,2.5,1979,4.89,9.3,38.5,6.22,9.5,498263.0,583565.0,581145.0
500042,University,House,Good,1140,13199,1,3.0,2011,9.25,9.0,76.8,6.39,8.0,382865.0,407258.0,382778.0
500043,Suburb,Townhome,Good,1421,6619,3,2.5,1998,25.26,5.2,71.4,5.78,10.5,282855.0,358893.0,345225.0
500044,University,Townhome,Good,1714,16131,6,2.5,1975,0.3,9.3,37.6,6.03,12.5,709824.0,647746.0,649640.0
500045,Rural,House,Excellent,1200,7938,3,2.0,1963,8.78,7.2,38.7,6.33,9.0,551886.0,525870.0,532043.0
500046,Rural,House,Good,928,3447,2,3.0,1952,7.46,6.7,49.3,6.24,8.0,265807.0,247284.0,244744.0
500047,Downtown,House,Excellent,965,4436,3,1.0,2022,14.56,6.9,52.8,5.86,8.0,523740.0,469737.0,481141.0
500048,Suburb,Condo,Good,2145,2590,4,2.5,1981,6.69,6.6,34.6,5.54,11.5,717201.0,660020.0,646581.0
500049,Suburb,Condo,Good,1889,2292,3,1.5,2019,0.3,9.0,30.1,6.26,6.5,648520.0,623455.0,615179.0
500050,University,Condo,Excellent,2517,7629,4,,1962,16.78,7.2,72.7,6.32,7.0,521760.0,571776.0,583051.0
500051,Suburb,House,Good,2529,10952,3,2.0,1960,2.39,4.4,60.0,6.56,10.0,536998.0,563167.0,563635.0
500052,Suburb,House,Good,1629,20997,3,2.0,1973,8.52,9.9,22.1,6.97,10.0,424666.0,529906.0,530892.0
500053,,Condo,Good,2286,6288,6,2.5,1965,0.73,8.2,19.0,6.05,12.5,746822.0,802376.0,818523.0
500054,Suburb,House,Good,,5639,3,3.0,1968,2.35,5.5,32.6,5.04,10.0,483776.0,527065.0,539610.0
500055,Suburb,Condo,Good,3334,3341,3,1.0,1955,5.92,6.5,47.8,6.15,6.0,705580.0,708737.0,699444.0
500056,Downtown,House,Good,2627,11754,3,2.0,1963,13.98,5.7,52.6,5.13,9.0,738882.0,723955.0,726173.0
500057,University,House,Good,1710,8210,4,3.5,1960,13.89,7.1,39.7,5.47,9.5,484237.0,548884.0,529114.0
500058,Suburb,Townhome,Fair,1094,4548,4,3.0,2002,5.3,7.6,21.1,6.85,9.0,486130.0,499188.0,498955.0
500059,Waterfront,House,Excellent,2097,9825,4,3.5,2015,11.86,7.3,47.8,6.57,10.5,864259.0,845999.0,850430.0
500060,Suburb,House,Excellent,634,9103,3,2.0,1995,6.64,6.2,53.3,5.85,9.0,389902.0,418678.0,398561.0
500061,Rural,House,Fair,1343,2117,2,1.0,1991,9.53,5.9,44.6,5.85,8.0,380748.0,388022.0,405982.0
500062,Rural,Condo,Excellent,2337,10149,4,1.5,2012,9.78,8.2,37.4,6.18,7.5,450805.0,565854.0,588877.0
500063,Rural,House,Good,1899,7053,3,2.5,2017,12.55,6.9,52.9,5.19,8.5,489653.0,515406.0,521069.0
500064,Downtown,House,Fair,1531,5139,3,3.0,2024,5.19,10.0,43.8,6.52,11.0,541505.0,490164.0,500788.0
500065,Suburb,House,Excellent,2468,,2,1.5,2019,8.06,5.9,28.3,6.02,5.5,591967.0,597321.0,614614.0
500066,Suburb,House,Good,1175,18557,3,2.0,1968,10.15,8.1,45.9,7.33,9.0,289336.0,356514.0,354466.0
500067,Suburb,House,Good,2035,16336,2,2.5,1985,9.39,7.1,25.7,5.6,7.5,526109.0,543577.0,555572.0
500068,Downtown,House,Excellent,1526,19441,3,1.0,2021,4.09,5.9,58.6,6.83,6.0,598002.0,602111.0,606517.0
500069,Waterfront,House,Good,1299,3263,2,2.0,2022,19.11,8.9,51.4,5.83,6.0,599650.0,628364.0,610650.0
500070,Suburb,Condo,Fair,2151,4389,3,3.5,2008,6.09,7.2,30.0,6.84,11.5,543968.0,573401.0,562948.0
500071,Rural,House,Excellent,1205,11191,3,4.0,2009,13.36,5.7,47.6,5.65,10.0,369947.0,426974.0,420409.0
500072,Suburb,Townhome,Good,3086,3148,2,2.0,1992,10.05,6.6,62.8,6.67,8.0,648865.0,686308.0,698665.0
500073,University,Townhome,Excellent,1470,,3,3.5,2023,16.12,8.4,13.3,5.97,9.5,480381.0,540030.0,541163.0
500074,Rural,House,Good,3143,2202,2,1.5,2023,0.3,5.3,42.5,5.74,6.5,855183.0,750395.0,761792.0
500075,Downtown,House,Good,1139,19760,4,1.5,2005,21.06,8.9,68.6,6.14,8.5,380280.0,454206.0,448751.0
500076,University,Condo,Excellent,2244,12298,1,1.0,1988,7.56,8.0,21.9,6.52,6.0,554996.0,616587.0,601826.0
500077,Waterfront,House,Good,1070,8558,3,3.0,1951,1.49,6.6,42.1,6.47,8.0,495208.0,526378.0,550236.0
500078,University,Condo,Good,978,7414,2,2.0,1952,9.6,8.9,23.8,7.18,8.0,272769.0,307613.0,339102.0
500079,Suburb,House,Good,1954,5061,3,4.0,1956,22.29,9.5,43.6,6.72,12.0,566090.0,557292.0,561730.0
500080,Downtown,Condo,Fair,2290,5120,4,2.5,1959,11.84,7.8,9.5,4.66,9.5,574612.0,671772.0,669493.0
500081,Suburb,House,Fair,1022,9405,3,2.5,1971,1.49,7.2,20.8,5.99,7.5,546342.0,530527.0,544268.0
500082,Waterfront,House,Good,2620,4241,3,1.0,1973,6.07,9.6,36.7,5.04,8.0,918761.0,934626.0,921845.0
500083,Suburb,Townhome,Fair,1332,,2,3.5,1970,16.79,9.1,46.6,6.0,8.5,385411.0,489864.0,487471.0
500084,Suburb,House,Good,1935,4837,5,2.0,2002,0.46,5.7,50.1,6.61,12.0,566116.0,532186.0,515628.0
500085,University,Condo,Good,2097,3849,4,2.0,1968,7.75,6.7,50.8,5.43,9.0,450847.0,521171.0,526769.0
500086,Rural,House,Good,2237,14163,4,1.0,1993,7.07,6.7,61.4,5.53,10.0,560823.0,599609.0,602488.0
500087,Suburb,House,Good,681,5962,2,3.0,2009,21.74,6.4,54.8,6.32,9.0,248622.0,290535.0,285908.0
500088,Suburb,House,Good,2902,9068,2,3.0,2001,7.08,4.9,55.4,6.06,10.0,607364.0,713356.0,705857.0
500089,Suburb,House,Good,2215,5067,4,1.5,1954,16.65,8.3,30.2,7.18,8.5,629253.0,660546.0,643020.0
500090,Suburb,House,Good,1573,1685,3,2.0,1951,4.78,7.1,42.3,6.43,7.0,407275.0,487635.0,478105.0
500091,Downtown,Condo,Good,,9026,3,2.5,1990,4.03,7.1,90.0,6.55,7.5,493195.0,450872.0,465111.0
500092,University,House,Good,749,2897,4,3.0,1968,14.81,9.0,77.8,7.28,12.0,255088.0,235225.0,231173.0
500093,Suburb,Condo,Good,965,12443,2,2.0,1950,12.53,6.2,56.7,5.93,7.0,391480.0,389057.0,403636.0
500094,Suburb,Townhome,Excellent,,2563,4,3.5,1992,0.3,6.9,55.4,6.23,12.5,679899.0,758375.0,748382.0
500095,Suburb,Townhome,Good,1628,2123,3,2.0,1963,12.63,7.4,59.1,5.64,9.0,477079.0,481419.0,480505.0
500096,Rural,Townhome,Good,1115,7818,4,1.5,1999,12.65,6.4,38.6,6.39,8.5,220234.0,244551.0,239263.0
500097,Downtown,Condo,Good,1507,,3,2.0,1993,5.16,6.8,73.3,6.85,9.0,545208.0,507089.0,504103.0
500098,Suburb,House,Fair,2867,6930,4,1.0,1982,10.13,8.1,39.0,7.05,10.0,612190.0,652407.0,661328.0
500099,Downtown,Townhome,Excellent,1635,3138,2,1.5,1985,10.42,7.0,43.3,6.21,8.5,572581.0,595276.0,571575.0
500100,Downtown,House,Good,1470,11078,4,3.0,1966,5.92,8.9,76.5,5.81,9.0,592859.0,609580.0,618163.0
500101,Waterfront,Condo,Fair,2728,2699,4,2.5,1959,5.33,5.9,14.0,5.78,8.5,868189.0,848068.0,856119.0
500102,Rural,Townhome,Good,2150,4920,4,1.5,1973,4.81,7.3,49.9,5.4,7.5,624447.0,576025.0,576079.0
500103,Suburb,Condo,Excellent,1879,4051,4,2.5,1967,7.19,5.0,19.2,6.31,11.5,582153.0,641578.0,642487.0
500104,Suburb,House,Good,1455,,4,1.0,2007,0.89,6.8,34.9,7.05,8.0,546790.0,519116.0,516591.0
500105,University,House,Excellent,841,10842,1,2.0,2011,8.56,6.0,43.2,4.82,5.0,412272.0,411587.0,419611.0
500106,Suburb,House,Fair,1089,4443,4,2.5,2004,0.3,8.9,39.4,4.93,8.5,425951.0,468157.0,468854.0
500107,Suburb,House,Good,1538,9120,3,,1977,9.25,8.0,47.1,7.07,10.5,481234.0,442834.0,433072.0
500108,Rural,House,Good,1707,9858,3,1.5,1968,8.3,7.7,33.2,5.27,6.5,399721.0,429342.0,431123.0
500109,Suburb,House,Excellent,2082,2328,3,3.0,2024,2.63,9.6,43.0,6.43,8.0,709137.0,772781.0,783828.0
500110,Suburb,Condo,Good,2209,,2,3.5,2022,13.88,9.0,27.1,5.48,8.5,631546.0,653154.0,657458.0
500111,Rural,Townhome,Good,1995,5164,3,2.0,2012,20.34,8.0,38.8,6.7,7.0,365432.0,387502.0,387871.0
500112,University,House,Good,1993,4556,4,2.5,1953,16.7,6.0,24.1,6.7,11.5,510879.0,495601.0,497994.0
500113,Downtown,House,Good,1195,7818,5,1.0,1992,0.66,5.0,54.2,6.34,11.0,450999.0,425020.0,419329.0
500114,Waterfront,House,Good,450,2040,3,1.0,1967,16.39,7.0,25.4,6.73,8.0,201662.0,171890.0,166602.0
500115,Downtown,House,Excellent,1511,10016,2,2.5,1958,10.1,6.5,54.8,6.27,7.5,630590.0,619516.0,597804.0
500116,Rural,House,Excellent,1230,10161,5,2.0,1983,8.49,6.1,38.4,6.57,12.0,567736.0,501885.0,499796.0
500117,University,House,Good,1426,5876,2,2.5,2020,5.25,6.6,40.1,7.33,6.5,389958.0,370281.0,381672.0
500118,Downtown,House,Excellent,1672,2835,5,1.5,2011,8.76,4.7,62.0,6.9,10.5,508643.0,514940.0,510476.0
500119,Suburb,House,Fair,1042,6522,3,2.0,1972,17.07,9.1,46.2,5.84,10.0,365936.0,369551.0,359133.0
500120,University,House,Good,1128,4708,2,3.0,1992,12.04,5.4,16.5,5.76,8.0,359426.0,401731.0,412102.0
500121,Downtown,Condo,Good,1785,9132,4,3.5,2022,6.33,6.1,51.9,6.1,11.5,530994.0,552520.0,554441.0
500122,Rural,House,Good,1925,6175,5,2.0,2001,4.81,7.8,5.0,6.1,9.0,537188.0,584503.0,586167.0
500123,University,House,Good,1424,10062,2,1.0,1979,6.32,4.7,48.5,6.28,6.0,476701.0,395755.0,401218.0
500124,Suburb,House,Good,2174,5012,5,3.0,2022,12.29,8.3,38.6,5.88,10.0,604007.0,630631.0,638711.0
500125,Rural,Townhome,Excellent,,,3,2.5,1986,19.91,8.3,23.8,6.63,10.5,498789.0,503196.0,502734.0
500126,Suburb,House,Fair,1187,1631,5,2.5,1977,2.5,6.6,45.7,6.26,12.5,425532.0,426872.0,417319.0
500127,Suburb,Condo,Good,1876,3533,3,2.5,1999,8.78,5.5,40.0,6.46,10.5,437079.0,476010.0,496081.0
500128,Suburb,House,Good,3074,8726,2,4.0,1963,6.5,6.3,74.3,6.24,10.0,748814.0,732092.0,732774.0
500129,Downtown,Townhome,Excellent,1411,2625,4,2.0,1955,4.31,4.4,38.1,6.61,8.0,428936.0,446461.0,437601.0
500130,Suburb,House,Good,,10108,4,2.5,1981,11.16,9.0,73.3,5.52,10.5,749863.0,777807.0,779969.0
500131,Waterfront,House,Excellent,2746,3132,5,1.0,1956,12.08,7.1,65.1,7.19,10.0,775856.0,778015.0,791764.0
500132,Suburb,Townhome,Fair,2824,6874,5,1.5,1992,0.36,6.0,35.5,6.45,11.5,630156.0,727276.0,711021.0
500133,,Condo,Good,1315,3754,4,1.5,2007,2.63,5.7,32.4,6.51,10.5,503205.0,478362.0,493460.0
500134,Suburb,House,Good,3160,4988,3,2.0,1960,15.9,7.8,64.1,6.61,9.0,751008.0,712768.0,711242.0
500135,Waterfront,House,Good,1926,7218,3,2.5,1958,10.68,9.1,42.5,6.89,10.5,727196.0,733156.0,756131.0
500136,Suburb,Townhome,Excellent,1685,,3,1.5,1952,11.9,5.2,46.9,6.68,7.5,480967.0,549379.0,557079.0
500137,Waterfront,House,Excellent,1700,5171,2,3.5,1954,5.81,6.2,40.8,6.38,8.5,670704.0,677250.0,676074.0
500138,Suburb,House,Good,2241,23657,3,1.5,2005,6.53,4.5,26.6,6.13,9.5,615308.0,637641.0,652089.0
500139,Suburb,Townhome,Good,1883,6533,1,2.0,1995,11.52,8.0,39.0,5.26,6.0,576106.0,576682.0,591343.0
500140,University,House,Good,1735,3632,3,2.5,2025,5.84,7.2,30.3,6.37,9.5,548826.0,530750.0,526764.0
500141,Rural,House,Good,2684,11340,3,1.0,1961,2.19,10.0,21.8,6.06,7.0,682964.0,681841.0,684561.0
500142,Suburb,House,Good,1380,10636,6,2.5,2020,8.8,6.8,40.2,6.06,10.5,593749.0,593069.0,587190.0
500143,Suburb,House,Excellent,1172,13539,4,2.5,2009,14.18,6.4,71.1,7.69,11.5,377507.0,355163.0,365743.0
500144,University,House,,2366,18995,3,2.0,1978,2.67,6.0,68.6,5.13,10.0,693294.0,628816.0,612719.0
500145,Suburb,House,Excellent,2307,3700,4,3.5,1997,15.08,8.2,43.6,6.28,11.5,739712.0,675880.0,673898.0
500146,Waterfront,House,Fair,2561,12274,2,2.0,1984,12.97,4.7,46.6,6.97,7.0,608921.0,741882.0,717483.0
500147,Downtown,House,Fair,1153,12879,3,2.5,1952,3.66,8.1,52.2,6.82,7.5,430368.0,455590.0,462401.0
500148,Suburb,Condo,Good,2553,6501,1,1.5,2012,8.84,7.4,64.8,6.99,7.5,540331.0,576571.0,551064.0
500149,Suburb,Condo,Good,2163,7530,5,1.0,1955,8.55,6.3,49.3,5.48,10.0,529481.0,584016.0,571931.0
500150,Waterfront,House,Good,2996,1073,4,1.5,2024,12.56,5.7,37.4,5.67,10.5,948622.0,957292.0,960370.0
500151,,House,Good,1039,4606,2,2.0,2015,12.76,8.5,38.7,6.62,6.0,390691.0,425008.0,421013.0
500152,University,House,Fair,1992,19003,3,2.0,1977,1.05,9.6,61.4,6.07,10.0,605441.0,674548.0,669504.0
500153,Rural,Condo,Good,1670,2225,4,3.0,2021,0.78,6.4,83.3,7.27,12.0,358065.0,369483.0,358452.0
500154,Rural,House,Good,817,4713,4,1.0,2022,14.91,7.8,35.2,6.38,7.0,402496.0,383503.0,378191.0
500155,Rural,Condo,Fair,1385,7726,4,1.5,1958,9.47,9.5,14.0,6.36,9.5,379667.0,369131.0,349091.0
500156,Waterfront,House,Good,2583,9181,2,1.0,2003,11.27,6.1,56.6,6.51,7.0,774008.0,848713.0,852453.0
500157,Suburb,House,Excellent,1545,17300,3,3.0,1968,10.78,6.6,43.4,6.08,9.0,522921.0,563274.0,572546.0
500158,Suburb,House,Excellent,1380,2257,3,1.5,1961,17.9,5.3,46.6,6.32,7.5,340583.0,398140.0,406922.0
500159,Suburb,House,Excellent,2414,6669,4,1.5,1966,1.63,6.8,63.0,5.84,9.5,592689.0,609314.0,608938.0
500160,Downtown,Condo,Good,2493,10887,2,1.5,1984,15.27,6.9,45.6,6.23,8.5,696050.0,723376.0,737423.0
500161,Suburb,Condo,Good,2491,2955,2,3.0,1990,3.93,6.4,24.8,5.96,7.0,617998.0,648495.0,653844.0
500162,University,House,Good,1337,6347,4,2.0,1950,13.12,5.9,15.3,6.4,8.0,367054.0,367965.0,378977.0
500163,University,Townhome,Fair,1812,20139,2,2.5,1999,16.76,4.7,43.9,5.4,9.5,507053.0,518702.0,523250.0
500164,Downtown,Condo,Good,2520,14321,4,1.0,1980,0.58,5.1,27.3,5.35,10.0,592454.0,758886.0,759319.0
500165,Rural,House,Fair,1424,8985,3,3.0,2007,11.19,5.6,48.9,6.53,8.0,441673.0,467214.0,458572.0
500166,Suburb,House,Fair,1363,1354,4,2.5,1989,7.15,7.9,25.5,6.39,11.5,505528.0,577758.0,547688.0
500167,Suburb,Condo,Good,2388,6011,5,2.5,1988,7.07,6.3,39.3,5.67,11.5,583156.0,704838.0,712260.0
500168,Rural,House,Fair,2866,8196,4,3.0,2010,9.05,5.8,22.6,6.11,11.0,719544.0,695155.0,693892.0
500169,Suburb,Condo,Good,1101,5402,4,2.0,1954,2.55,7.9,39.1,5.62,9.0,450226.0,484972.0,507752.0
500170,Waterfront,Condo,Good,450,6250,2,2.0,1975,3.08,7.8,37.9,7.47,8.0,338277.0,320760.0,298135.0
500171,Suburb,House,Good,907,41341,3,2.5,2002,12.7,5.9,53.5,5.31,7.5,420927.0,430652.0,440329.0
500172,Rural,Townhome,Excellent,1192,5715,4,2.5,1999,13.81,6.1,64.6,7.28,10.5,342336.0,344427.0,333628.0
500173,Rural,House,Excellent,1761,3633,5,2.0,1968,5.43,7.9,41.8,5.76,11.0,578766.0,553118.0,553131.0
500174,Suburb,House,Good,2250,7520,5,2.0,2000,0.3,7.5,31.7,6.5,12.0,678190.0,721527.0,711458.0
500175,Downtown,House,Excellent,1755,5378,6,2.0,1978,22.54,5.8,73.8,6.09,10.0,508860.0,450499.0,454544.0
500176,Suburb,Townhome,Good,1395,5398,4,2.5,1989,15.32,7.3,50.0,6.02,8.5,507012.0,493834.0,493542.0
500177,Rural,House,Good,1950,6169,3,3.0,2016,10.93,7.0,53.7,6.81,10.0,465740.0,557858.0,567939.0
500178,University,Condo,Good,1225,10342,4,2.0,1996,2.69,8.6,53.7,6.74,11.0,413506.0,379862.0,381592.0
500179,Rural,House,Good,1820,7496,3,3.5,2001,5.34,5.8,66.3,6.08,9.5,550638.0,501947.0,507471.0
500180,Downtown,Townhome,Excellent,1433,3161,3,1.0,1984,10.23,8.3,59.7,5.71,7.0,577044.0,638212.0,652857.0
500181,University,Townhome,Good,3592,6003,2,2.0,1995,3.1,7.6,54.7,7.5,8.0,856232.0,839155.0,845136.0
500182,University,House,Good,2381,8641,4,3.5,1996,18.3,5.6,56.1,7.09,10.5,468382.0,498864.0,497396.0
500183,University,Townhome,Good,1307,4909,2,2.0,1959,9.61,8.5,31.8,6.34,8.0,353959.0,367517.0,381742.0
500184,Suburb,House,Good,1202,12951,4,1.0,1985,11.12,8.3,35.5,6.07,10.0,427260.0,504077.0,502849.0
500185,University,House,Excellent,1565,10361,2,3.5,1970,2.7,5.1,43.0,6.43,10.5,646490.0,646835.0,651563.0
500186,Downtown,House,Fair,781,3587,4,2.5,2019,3.42,9.8,46.0,6.3,8.5,402810.0,408329.0,404725.0
500187,Downtown,House,Fair,1375,,2,1.0,1972,4.12,5.4,44.9,6.97,7.0,427869.0,433135.0,425628.0
500188,Downtown,House,Fair,1370,21372,4,3.0,1958,10.43,5.7,49.2,5.67,9.0,370724.0,440860.0,406634.0
500189,Suburb,House,Good,2425,16575,2,1.5,2018,7.22,6.5,45.0,6.27,6.5,604462.0,638621.0,646631.0
500190,Suburb,House,Excellent,1573,6284,3,1.0,2015,7.08,8.1,38.2,5.78,8.0,604334.0,601942.0,588839.0
500191,Suburb,House,Fair,1336,11138,4,2.0,2014,10.66,7.8,20.3,7.04,10.0,401040.0,455608.0,464073.0
500192,Suburb,House,Good,979,4338,2,2.0,2006,10.13,6.9,57.1,7.34,8.0,300550.0,297920.0,318601.0
500193,Downtown,Condo,Good,1085,2726,3,1.5,1985,17.58,9.0,53.4,6.2,8.5,478973.0,511159.0,496182.0
500194,Suburb,Townhome,Good,1807,9065,3,2.0,1950,7.63,7.6,31.5,6.58,7.0,486210.0,512233.0,522337.0
500195,Downtown,House,Good,1710,7536,1,1.5,1978,2.8,9.0,52.1,7.1,6.5,593518.0,558512.0,557485.0
500196,Rural,House,Good,2587,,4,2.0,2004,8.73,10.0,50.5,6.07,10.0,719635.0,738308.0,743578.0
500197,Downtown,House,Fair,1441,6404,4,2.0,1974,17.45,7.3,45.7,5.69,10.0,433430.0,466101.0,452533.0
500198,Suburb,House,Excellent,2538,7904,2,3.0,1977,5.52,3.3,17.1,6.88,8.0,667807.0,690221.0,690648.0
500199,Waterfront,Townhome,Fair,2017,4778,4,2.0,2020,9.08,6.4,26.6,6.56,11.0,821329.0,781616.0,783487.0
500200,Suburb,House,Fair,1847,8634,2,1.0,1988,6.68,5.5,35.6,6.13,5.0,421244.0,445975.0,462392.0
500201,University,Condo,Fair,545,10715,2,1.0,1970,11.19,7.1,68.8,7.13,7.0,123718.0,190590.0,215157.0
500202,Rural,Condo,Good,1011,6276,3,2.0,1989,10.32,7.1,31.8,6.4,8.0,421436.0,378842.0,382529.0
500203,Rural,House,Excellent,2332,,3,3.5,2017,4.01,5.2,39.4,5.19,11.5,679260.0,727449.0,723382.0
500204,Suburb,Condo,Good,2759,2246,5,3.0,2005,7.45,5.3,28.0,6.46,10.0,628293.0,705148.0,730575.0
500205,Suburb,House,Good,1984,4055,2,1.5,1990,14.36,6.6,37.2,6.22,8.5,440293.0,528809.0,527703.0
500206,Downtown,Townhome,Good,2346,15464,4,3.0,1986,15.27,6.7,49.7,7.38,10.0,535102.0,534322.0,533789.0
500207,University,House,Good,1585,18705,4,1.0,2009,14.25,3.2,13.6,6.24,7.0,523207.0,452287.0,453558.0
500208,Waterfront,House,Good,1609,7555,1,3.0,1998,13.89,8.4,5.0,6.13,7.0,765185.0,731048.0,736478.0
500209,University,Condo,Good,1419,6109,1,2.0,2014,6.83,7.0,54.5,6.52,6.0,367094.0,461182.0,469406.0
500210,Downtown,House,Fair,2484,3037,4,3.0,1966,6.65,7.0,45.1,6.4,10.0,720747.0,693093.0,686650.0
500211,Suburb,House,Fair,2073,8084,3,2.5,1995,14.29,7.4,35.6,5.41,8.5,599317.0,563858.0,562726.0
500212,Suburb,House,Good,1698,10369,4,2.0,1955,1.88,5.5,59.1,6.33,11.0,347923.0,458218.0,479806.0
500213,Downtown,House,Good,1637,2672,4,2.5,1998,8.46,6.9,59.1,6.06,8.5,580122.0,566899.0,585322.0
500214,Rural,House,Good,,,3,1.5,2000,0.3,8.5,13.2,7.1,7.5,654219.0,642928.0,648150.0
500215,University,Condo,Fair,2060,8725,2,2.0,1962,6.56,8.6,42.1,7.7,9.0,579299.0,545739.0,549005.0
500216,Suburb,Condo,Excellent,1309,8468,1,3.0,2025,4.63,7.7,61.2,5.58,6.0,403239.0,512690.0,510208.0
500217,University,House,Good,2965,3305,3,5.0,2003,1.69,6.6,34.6,5.68,12.0,799574.0,809934.0,821788.0
500218,University,House,Excellent,2017,8997,2,2.5,1955,12.22,5.8,39.9,5.75,9.5,608898.0,579336.0,573607.0
500219,Downtown,Townhome,Good,1857,2646,4,2.0,2022,4.46,8.9,58.9,5.86,9.0,600503.0,620580.0,622154.0
500220,Rural,House,Good,2810,,3,1.5,2019,6.64,7.8,40.6,5.84,8.5,760876.0,695311.0,690264.0
500221,University,Condo,Excellent,2516,7049,2,3.0,1951,7.28,6.4,26.7,6.29,9.0,572876.0,565227.0,558273.0
500222,Suburb,House,Good,1793,,5,1.0,1979,4.46,3.8,34.3,6.91,11.0,402828.0,416480.0,417091.0
500223,Suburb,Townhome,Good,2198,14569,4,1.5,1999,17.19,5.7,24.7,5.47,9.5,506073.0,537013.0,537239.0
500224,Rural,House,Fair,1155,12990,4,2.5,1999,5.89,4.2,52.9,5.33,9.5,411322.0,387890.0,381454.0
500225,Rural,Townhome,Good,1433,,2,1.0,1988,9.96,8.8,18.8,5.15,7.0,450021.0,459256.0,458693.0
500226,Downtown,Condo,Good,450,24392,3,3.5,1970,1.1,7.3,59.6,6.92,10.5,348632.0,371313.0,372265.0
500227,Rural,Condo,,2643,3558,3,3.0,2021,6.01,5.9,20.0,7.05,11.0,719309.0,659366.0,654192.0
500228,Rural,House,Fair,616,,3,1.5,2002,6.9,6.6,45.3,5.33,7.5,208614.0,219516.0,212227.0
500229,University,Condo,Good,2293,13214,2,1.5,1965,6.99,10.0,22.6,5.28,8.5,725559.0,727480.0,726093.0
500230,University,House,Good,1310,1664,4,1.0,1983,5.36,8.8,39.9,6.33,10.0,460049.0,491987.0,500172.0
500231,Suburb,House,Good,1214,11854,3,1.0,1951,9.65,5.0,59.9,6.91,6.0,280428.0,287445.0,300259.0
500232,Rural,House,Fair,1723,6252,4,2.5,2010,17.99,6.8,61.4,6.86,9.5,427713.0,448784.0,451091.0
500233,University,House,Fair,2023,6439,3,2.5,1950,8.02,5.2,64.2,6.37,7.5,331404.0,381279.0,378388.0
500234,University,Condo,Excellent,2248,3406,4,2.5,1971,7.99,4.5,43.3,6.67,11.5,516946.0,530024.0,529869.0
500235,Downtown,Townhome,Good,3002,7931,3,2.5,1967,6.51,7.3,46.2,6.45,7.5,762860.0,777101.0,799091.0
500236,Downtown,House,Good,2083,3340,1,1.5,1975,23.75,10.0,48.1,5.92,5.5,587093.0,586615.0,597240.0
500237,Rural,House,Fair,2423,3635,3,,1984,18.31,9.3,53.8,7.4,8.5,486309.0,482765.0,472106.0
500238,Suburb,House,Fair,1461,4969,3,1.0,1997,12.09,7.1,38.6,6.26,9.0,343078.0,315857.0,315455.0
500239,Suburb,Condo,,2314,,4,2.0,1961,12.96,6.4,61.1,5.59,11.0,555794.0,538924.0,533075.0
500240,Waterfront,House,Good,1950,16701,3,3.5,1958,4.62,7.3,49.5,5.98,10.5,722988.0,770698.0,766735.0
500241,Suburb,House,Fair,1549,2929,3,3.0,1952,7.91,8.5,61.8,5.33,8.0,583558.0,615020.0,596007.0
500242,Suburb,Condo,Excellent,1788,,3,2.0,2024,10.05,4.9,51.8,6.27,10.0,529427.0,590992.0,591506.0
500243,Suburb,Condo,Excellent,1810,5376,4,2.0,1960,9.51,4.3,54.8,6.91,8.0,488986.0,494437.0,479148.0
500244,Rural,House,,1974,6514,3,3.5,1996,3.76,9.8,33.7,5.5,8.5,514291.0,581657.0,575142.0
500245,Downtown,House,Good,2111,10456,3,3.5,2017,4.22,7.4,38.4,6.93,8.5,595575.0,714030.0,731538.0
500246,Suburb,House,Fair,1519,10620,2,1.0,2023,11.85,9.4,25.2,7.51,8.0,424518.0,388428.0,400026.0
500247,Downtown,Townhome,Fair,1368,5420,4,2.0,1982,10.65,7.3,40.2,6.48,8.0,402376.0,480950.0,471239.0
500248,Rural,House,Good,2336,5162,3,2.5,1963,0.3,9.2,42.0,5.56,8.5,670680.0,677732.0,666140.0
500249,University,House,Excellent,747,6638,2,3.0,2000,9.35,6.1,57.1,5.74,7.0,386429.0,360905.0,350707.0
500250,Suburb,House,Fair,1448,10644,4,1.5,2003,16.3,7.7,25.7,6.06,7.5,463327.0,473779.0,452471.0
500251,Suburb,House,Good,2859,9878,2,2.5,1991,5.01,9.3,90.0,5.49,7.5,872426.0,733556.0,722568.0
500252,Suburb,House,Good,450,4768,4,2.0,1965,10.23,8.5,42.8,5.51,10.0,296492.0,296796.0,293921.0
500253,Suburb,House,Fair,1400,1889,4,4.0,2016,0.3,6.3,63.5,6.1,10.0,579913.0,581099.0,569356.0
500254,Suburb,Townhome,Fair,2297,23515,4,2.5,1956,13.71,8.3,60.2,6.15,8.5,675462.0,602059.0,610894.0
500255,Suburb,House,Good,777,11504,4,2.0,1987,2.25,6.0,6.8,6.62,10.0,446810.0,415030.0,414652.0
500256,Suburb,House,Good,3539,7612,3,2.0,1983,1.45,4.9,40.7,5.54,9.0,739430.0,836569.0,830710.0
500257,Downtown,House,Good,450,7973,3,3.0,1991,6.95,7.8,66.7,7.38,11.0,310323.0,342504.0,362688.0
500258,Rural,Townhome,Excellent,2784,,2,2.5,1985,22.76,9.1,8.2,6.89,8.5,678642.0,693232.0,701532.0
500259,Suburb,Condo,Fair,2862,3565,5,1.5,1984,5.22,8.3,56.1,6.79,8.5,696327.0,728307.0,729320.0
500260,Suburb,House,Good,2446,5324,4,2.5,1992,1.39,5.1,30.9,5.87,8.5,775485.0,793950.0,815270.0
500261,Downtown,Condo,Fair,1706,5688,5,1.0,1971,11.53,8.3,37.6,7.3,10.0,455888.0,511254.0,526474.0
500262,Rural,House,Good,2082,4467,3,1.5,1985,10.16,8.0,48.0,6.05,6.5,471512.0,465050.0,457211.0
500263,Downtown,Townhome,Fair,,2712,1,1.0,1999,18.57,6.3,16.6,7.35,7.0,491435.0,474996.0,478907.0
500264,Downtown,House,Fair,2376,5388,5,1.0,1964,1.35,3.3,47.5,6.9,8.0,629270.0,671253.0,666468.0
500265,Downtown,House,Good,1122,9187,3,1.5,2010,0.3,8.5,34.9,5.72,8.5,585337.0,615389.0,599196.0
500266,Downtown,Condo,Good,1672,4830,3,,2001,6.96,8.3,33.4,5.98,8.5,671914.0,663413.0,685320.0
500267,University,House,Good,2498,6586,3,2.5,1999,11.04,7.7,55.1,7.38,8.5,560664.0,532044.0,549409.0
500268,Suburb,Condo,Good,1126,1876,4,3.0,1970,10.92,4.4,90.0,6.86,11.0,236332.0,257643.0,243339.0
500269,Suburb,House,Good,1613,,4,2.0,2022,15.2,4.8,49.7,6.16,11.0,415588.0,425088.0,430932.0
500270,University,House,Fair,1957,6041,2,1.5,1972,0.3,8.5,52.9,6.38,8.5,567674.0,610061.0,591512.0
500271,Rural,House,Good,978,3115,4,3.0,2010,3.96,8.2,43.8,6.38,10.0,348041.0,338652.0,351153.0
500272,Suburb,Condo,Fair,2607,2303,3,1.0,2009,8.04,7.7,33.7,5.79,7.0,657019.0,638073.0,637687.0
500273,Suburb,House,Good,2072,8322,3,1.0,2025,13.76,6.6,48.5,6.14,6.0,556667.0,631646.0,628538.0
500274,University,Townhome,Good,865,3999,5,2.5,2001,11.62,7.6,67.4,5.86,9.5,351048.0,392769.0,407383.0
500275,Suburb,Townhome,Fair,1819,8713,4,2.5,2019,6.34,6.2,47.4,6.0,8.5,493559.0,514740.0,515073.0
500276,Rural,House,Fair,1346,5051,3,3.0,2005,2.81,6.5,57.9,6.54,10.0,432095.0,493835.0,491091.0
500277,Downtown,House,Good,1423,9447,1,2.0,1987,14.01,5.7,41.2,5.68,8.0,413905.0,410851.0,421528.0
500278,Rural,Townhome,Good,1900,5304,3,1.0,2020,14.41,7.4,82.4,6.69,9.0,464488.0,419710.0,416461.0
500279,Rural,House,Good,1389,2632,4,2.0,1995,24.78,6.4,19.8,6.32,11.0,368230.0,337193.0,347414.0
500280,University,House,Good,2477,6171,3,2.5,2014,7.77,8.4,53.3,6.72,9.5,741779.0,685988.0,686235.0
500281,Rural,House,Fair,1392,5338,2,,1953,18.37,8.1,52.7,6.79,7.5,268475.0,251122.0,260814.0
500282,Suburb,House,Good,2488,,2,1.5,1966,1.71,5.8,48.5,7.01,6.5,592767.0,577618.0,585033.0
500283,Downtown,House,Good,1822,4960,2,1.0,1981,5.62,9.7,27.8,6.63,5.0,551548.0,638563.0,647851.0
500284,Suburb,Condo,Excellent,2406,5134,3,1.0,2024,4.84,5.3,27.5,6.68,7.0,541365.0,592078.0,580759.0
500285,Rural,Townhome,Fair,1498,10889,4,3.0,1987,6.09,7.7,41.0,6.15,9.0,445897.0,474876.0,496688.0
500286,Suburb,Condo,Excellent,1522,13087,4,2.5,1989,3.67,8.6,46.0,6.6,10.5,560202.0,560837.0,559210.0
500287,Suburb,House,Excellent,1101,,2,1.0,1968,5.63,8.9,26.3,5.72,6.0,457414.0,572276.0,592718.0
500288,Suburb,House,Good,2226,12115,3,1.5,1992,8.5,3.7,28.5,6.11,9.5,617700.0,572471.0,565851.0
500289,Rural,House,Good,2460,8536,4,1.5,2024,6.18,8.5,52.9,6.71,9.5,599454.0,582167.0,579257.0
500290,University,Townhome,Excellent,3227,10319,3,,1971,12.7,8.8,60.0,6.23,7.5,778475.0,826420.0,823631.0
500291,Downtown,House,Good,2689,11009,3,1.0,2016,8.33,9.1,36.1,6.53,7.0,840183.0,845620.0,859136.0
500292,Suburb,House,Good,2012,8282,5,2.0,1979,8.81,3.7,34.0,5.62,11.0,448063.0,461637.0,456963.0
500293,University,Townhome,Good,1713,,3,1.0,1993,17.49,6.0,33.6,7.08,6.0,417026.0,423272.0,428287.0
500294,Rural,House,Excellent,2103,7079,4,1.0,1992,10.67,6.9,81.7,5.91,10.0,591901.0,566387.0,548601.0
500295,Rural,House,Fair,1832,27515,3,2.5,2016,9.73,6.3,51.8,6.49,9.5,351948.0,387303.0,382022.0
500296,Waterfront,House,Good,2801,6554,3,3.0,1952,8.71,9.0,43.5,6.24,11.0,848857.0,882118.0,884926.0
500297,Waterfront,House,Fair,2464,5639,1,1.0,1951,9.19,6.0,59.6,6.82,7.0,771196.0,734339.0,733326.0
500298,University,Townhome,Excellent,1306,5224,3,1.5,2004,12.19,8.8,78.9,6.03,7.5,422542.0,399813.0,378482.0
500299,Rural,House,Good,1403,6371,4,3.0,1980,4.11,7.8,62.0,5.66,9.0,364581.0,425858.0,431851.0
500300,Suburb,House,Fair,2739,7526,5,2.0,1976,15.55,4.8,23.0,5.12,10.0,698761.0,767889.0,757001.0
500301,Rural,House,Good,2050,3297,4,,2018,18.06,5.5,43.2,6.07,9.5,385556.0,413122.0,435682.0
500302,Suburb,Condo,Good,1699,1981,4,2.5,2002,15.61,6.3,38.4,5.54,8.5,350255.0,449658.0,447692.0
500303,Rural,House,Fair,2621,7760,3,2.5,1951,5.93,7.1,39.3,6.58,7.5,463502.0,457539.0,483801.0
500304,Rural,Townhome,Good,1598,2480,3,3.0,2005,0.3,8.5,26.2,7.12,8.0,432371.0,454919.0,462806.0
500305,Rural,Townhome,Good,1668,7592,3,3.0,1992,6.26,6.7,38.6,4.92,9.0,366432.0,456221.0,461761.0
500306,Suburb,Townhome,Good,1550,7072,4,1.5,1997,9.73,8.4,28.2,5.48,9.5,606655.0,645679.0,640378.0
500307,Suburb,House,Good,575,12982,2,2.0,1960,13.69,4.6,49.5,6.44,6.0,289161.0,293277.0,292161.0
500308,Suburb,House,Excellent,2412,17706,4,2.0,1955,7.75,2.4,45.1,7.0,9.0,488067.0,555161.0,560618.0
500309,Downtown,House,Good,1064,8104,2,1.0,1983,7.04,6.5,23.2,6.44,8.0,579715.0,564544.0,542308.0
500310,University,Townhome,Good,1480,4662,1,1.5,1992,17.76,7.7,18.8,6.45,7.5,469613.0,462216.0,473934.0
500311,Suburb,Condo,Fair,1366,3212,2,3.0,2000,4.89,6.5,37.2,6.56,10.0,473584.0,420809.0,407528.0
500312,Suburb,House,Fair,2323,4042,2,1.0,1976,15.09,5.5,54.2,6.6,6.0,443717.0,530367.0,527616.0
500313,Suburb,Condo,,1805,6658,2,3.0,1960,14.14,7.6,51.9,7.25,9.0,594071.0,520222.0,488880.0
500314,Rural,Townhome,Good,1860,1878,4,2.5,2004,1.01,9.9,43.4,6.63,11.5,448512.0,530008.0,535489.0
500315,Suburb,Townhome,Excellent,758,6800,3,2.0,2013,10.46,6.8,5.0,5.51,9.0,370449.0,363030.0,371884.0
500316,University,Condo,Good,1793,6453,3,2.5,2004,5.55,5.9,37.0,5.97,8.5,489570.0,483449.0,486953.0
500317,University,Condo,Good,890,9568,4,2.5,1964,3.25,5.7,33.3,6.38,8.5,327208.0,360667.0,364621.0
500318,Suburb,Condo,Good,2050,5318,4,3.0,1988,0.3,9.9,39.4,5.77,12.0,648078.0,669402.0,665333.0
500319,Downtown,House,Good,2088,6910,3,2.0,2024,0.3,6.9,26.1,6.1,10.0,705093.0,680393.0,682380.0
500320,Rural,House,Good,1839,4179,5,2.0,2005,11.26,7.9,37.9,5.94,10.0,502812.0,578366.0,592571.0
500321,Waterfront,Condo,Good,3178,4920,4,2.0,1977,6.54,8.8,34.4,5.83,10.0,941450.0,974277.0,969579.0
500322,Downtown,House,Good,2193,2243,3,3.5,1960,10.43,8.6,85.2,6.67,8.5,666758.0,649625.0,655661.0
500323,Rural,House,Good,2237,7001,4,3.0,1983,2.58,5.6,55.0,6.02,10.0,561592.0,558379.0,567019.0
500324,University,Townhome,,1943,16462,2,1.5,2012,6.94,8.4,41.5,5.6,5.5,537828.0,572233.0,569741.0
500325,Waterfront,House,Fair,1725,,2,2.0,1970,7.23,8.3,43.7,5.83,6.0,562194.0,616880.0,619857.0
500326,Downtown,House,Fair,2478,8095,3,1.5,2023,0.3,7.7,42.6,6.28,7.5,737399.0,738455.0,741209.0
500327,Downtown,Townhome,Fair,2566,3607,4,2.0,1992,0.3,8.5,47.2,7.53,10.0,692746.0,676786.0,671276.0
500328,Waterfront,House,Excellent,1004,15342,3,2.5,2018,11.41,6.2,38.3,6.41,7.5,503985.0,492215.0,520612.0
500329,Downtown,Townhome,Good,,4102,3,4.0,1965,9.69,6.9,44.1,7.15,9.0,653994.0,678749.0,673954.0
500330,Downtown,Townhome,Good,2184,10516,4,1.0,2011,3.34,6.2,59.8,6.55,10.0,620753.0,642622.0,662671.0
500331,Suburb,House,Good,2474,6932,5,3.0,1967,8.23,8.1,56.9,4.96,10.0,645406.0,759178.0,771792.0
500332,Suburb,House,Fair,2153,3656,4,2.5,1980,12.72,6.0,49.0,6.49,11.5,584962.0,544516.0,521159.0
500333,Rural,House,Good,1041,12039,4,1.5,1964,19.59,7.6,64.4,5.74,7.5,183430.0,219218.0,222352.0
500334,Suburb,Townhome,Excellent,1088,6560,3,2.0,2020,3.61,5.4,47.8,5.44,10.0,456357.0,450024.0,462202.0
500335,University,House,Good,3036,7236,3,2.0,1992,12.45,6.8,29.6,5.61,10.0,618164.0,625292.0,634968.0
500336,Suburb,House,Good,2014,8526,4,2.0,1992,21.28,6.5,18.1,7.34,8.0,455423.0,454358.0,444096.0
500337,Rural,Townhome,Good,929,6417,3,3.0,1957,9.21,6.8,33.9,5.3,8.0,395512.0,409968.0,413190.0
500338,Downtown,House,Fair,2076,5179,3,1.0,1966,17.45,7.2,43.5,5.88,9.0,712635.0,622307.0,608615.0
500339,Suburb,Condo,Good,1615,,5,3.0,1983,0.3,6.7,50.4,6.96,10.0,586225.0,568283.0,556439.0
500340,,Condo,Good,652,5099,3,2.0,1991,17.34,6.7,60.6,6.66,10.0,300651.0,298024.0,295459.0
500341,Suburb,House,Good,450,6760,2,3.5,1957,8.76,3.9,35.8,5.22,9.5,314980.0,317690.0,320091.0
500342,Suburb,House,Good,808,4354,4,2.5,2014,0.3,8.7,32.3,6.19,11.5,493775.0,499586.0,518440.0
500343,Rural,House,Good,,2658,5,3.0,1988,13.41,6.1,56.0,5.94,11.0,409233.0,409603.0,413972.0
500344,Suburb,House,Good,1819,4340,3,2.5,2001,15.0,6.6,62.1,6.14,9.5,384436.0,450229.0,462749.0
500345,Downtown,House,Good,1688,4829,4,3.0,1951,15.93,5.8,37.2,6.71,12.0,569312.0,560401.0,546670.0
500346,Waterfront,Condo,Good,2035,6558,3,2.0,2013,15.88,8.5,49.5,5.91,7.0,813941.0,789653.0,776429.0
500347,University,Condo,Good,2241,13229,3,1.5,1961,8.65,5.6,65.1,6.06,6.5,564990.0,529336.0,523901.0
500348,University,House,Good,483,2359,3,2.5,1952,4.43,7.8,49.2,7.14,8.5,273217.0,249403.0,269976.0
500349,Suburb,House,Good,1654,7021,3,2.5,1991,6.11,8.8,43.6,5.14,9.5,510236.0,577431.0,562078.0
500350,Suburb,House,Excellent,1312,1724,5,4.0,2023,8.62,9.5,13.1,6.03,12.0,620584.0,596960.0,578766.0
500351,Suburb,Townhome,Good,1048,3470,2,1.0,2025,11.21,8.8,64.3,6.54,8.0,286034.0,307603.0,306923.0
500352,Downtown,House,Good,1494,4795,5,2.0,2020,5.99,7.9,54.1,5.5,9.0,438718.0,494096.0,508132.0
500353,Downtown,House,Good,1770,1682,2,3.0,1982,9.11,5.2,46.3,5.87,9.0,466207.0,568571.0,549808.0
500354,Suburb,House,Excellent,1677,2132,3,1.0,1988,13.98,8.9,37.4,5.46,6.0,519628.0,554064.0,551318.0
500355,Downtown,Townhome,Good,904,7129,4,2.0,1981,10.74,8.8,25.6,6.35,10.0,387200.0,448675.0,433077.0
500356,Downtown,House,Excellent,1536,6810,4,4.0,2020,22.32,8.3,42.9,5.88,13.0,692410.0,682371.0,699423.0
500357,,House,Excellent,3160,6071,3,3.5,2021,21.52,8.2,42.8,6.73,8.5,795667.0,802063.0,810310.0
500358,Suburb,House,Good,1165,4013,2,1.5,1963,2.07,7.1,60.9,6.87,6.5,446428.0,349130.0,352509.0
500359,Suburb,Condo,Excellent,,23675,4,3.5,1990,5.48,6.2,26.2,6.28,12.5,457032.0,491883.0,491515.0
500360,Rural,Townhome,Good,2029,5901,2,3.0,1977,1.12,8.6,66.1,6.03,9.0,486471.0,468180.0,465623.0
500361,Suburb,Condo,Good,2238,3875,6,3.0,2007,1.97,8.9,44.9,6.41,13.0,797994.0,752359.0,754149.0
500362,Suburb,House,Fair,2152,17794,3,2.5,1962,12.04,5.5,62.3,6.29,7.5,552317.0,520620.0,513255.0
500363,Suburb,House,Excellent,1122,9397,3,2.5,1982,2.98,8.4,29.8,5.52,9.5,527960.0,558358.0,548249.0
500364,Suburb,Condo,Excellent,2499,5203,2,1.5,2000,2.66,7.4,49.6,6.9,8.5,739837.0,715908.0,703135.0
500365,Rural,Townhome,Fair,1340,13295,3,2.0,2019,7.24,8.3,62.8,6.39,7.0,378774.0,454658.0,454973.0
500366,,House,Fair,1112,7141,2,3.0,2019,13.54,7.4,46.1,6.73,10.0,320898.0,340474.0,331371.0
500367,Suburb,Condo,Good,1454,9561,4,2.5,2007,6.73,8.7,22.3,5.43,9.5,521760.0,513364.0,523723.0
500368,University,House,Good,1779,7483,3,3.5,2020,6.72,8.5,39.4,6.78,8.5,640986.0,688415.0,664079.0
500369,University,House,Fair,2314,3507,4,2.0,1958,14.23,8.3,52.4,7.53,8.0,397373.0,504846.0,511632.0
500370,Downtown,House,Excellent,2255,11641,3,1.0,1956,11.6,5.0,23.4,6.63,6.0,711380.0,748892.0,755279.0
500371,Downtown,House,Good,1835,7157,3,2.0,1981,11.51,8.2,22.7,5.38,7.0,592494.0,608449.0,622794.0
500372,Downtown,Townhome,Excellent,2456,3547,4,2.5,2008,14.41,7.1,47.9,6.28,10.5,708114.0,745205.0,742426.0
500373,Waterfront,Condo,Good,1903,4113,2,2.5,1959,2.86,5.3,30.1,6.22,9.5,630407.0,665956.0,648605.0
500374,Waterfront,House,Good,2432,11531,1,2.0,1992,10.09,8.1,54.6,6.39,5.0,794847.0,858178.0,847560.0
500375,Suburb,Condo,Good,,5208,4,1.5,2018,5.09,5.0,26.7,6.11,10.5,424473.0,373791.0,387151.0
500376,Waterfront,House,Fair,827,6684,2,3.5,1966,14.87,8.4,16.8,6.55,7.5,496056.0,438911.0,435505.0
500377,,House,Fair,2354,9626,3,1.5,1979,13.63,9.6,32.7,5.97,8.5,691827.0,711196.0,706533.0
500378,Suburb,House,Good,946,7020,4,2.5,2018,2.67,6.3,66.8,6.39,8.5,382210.0,424935.0,418261.0
500379,Suburb,House,Good,1654,2601,2,2.0,2005,16.71,8.4,31.4,5.84,6.0,370641.0,401225.0,400616.0
500380,University,House,Excellent,1786,9528,4,1.0,1990,1.94,7.7,44.3,6.31,7.0,551226.0,603601.0,601087.0
500381,Downtown,House,Good,,11414,3,3.5,1955,15.72,8.0,48.1,6.86,9.5,394091.0,443431.0,425397.0
500382,Suburb,House,Excellent,1555,10933,5,1.0,1953,10.03,5.0,30.1,5.96,11.0,417797.0,466119.0,459287.0
500383,Suburb,House,Good,2755,17148,5,1.5,1987,3.69,7.9,60.8,6.66,8.5,645390.0,707259.0,719152.0
500384,Downtown,House,Excellent,450,8088,3,2.5,1978,2.23,7.2,47.1,5.72,10.5,465959.0,433437.0,450478.0
500385,Suburb,Condo,Excellent,2425,10361,3,2.0,1954,7.03,8.1,51.1,6.03,10.0,606102.0,689974.0,688684.0
500386,Suburb,Condo,Fair,3342,16867,2,3.0,2001,8.68,7.0,19.1,6.11,9.0,846272.0,771672.0,765777.0
500387,University,House,Excellent,1865,5460,3,2.0,2025,4.63,8.7,18.1,7.01,7.0,483137.0,540623.0,556592.0
500388,Rural,House,Good,1838,18423,4,2.0,2014,12.15,7.4,5.0,5.79,9.0,530141.0,536419.0,534484.0
500389,University,Townhome,Good,2322,18404,2,4.0,1976,0.56,8.0,41.6,6.99,9.0,706662.0,717539.0,703926.0
500390,Rural,House,Excellent,3039,10398,4,2.0,1965,8.78,9.1,41.0,5.37,11.0,720172.0,735214.0,733872.0
500391,Rural,House,Good,1078,19602,2,,1976,8.83,7.3,55.3,6.16,9.0,353141.0,376719.0,384962.0
500392,University,House,Good,1907,10837,2,1.5,1994,0.3,8.5,66.7,6.8,7.5,546740.0,587433.0,605757.0
500393,Rural,Condo,Good,1729,3832,1,1.5,2009,10.65,7.4,40.6,6.67,7.5,349893.0,383658.0,378100.0
500394,Rural,Townhome,Excellent,2214,,5,2.5,1956,1.37,7.8,40.4,5.64,9.5,669755.0,703037.0,709462.0
500395,Suburb,House,,,7906,3,2.5,1993,0.3,6.3,51.2,5.51,10.5,655709.0,635618.0,631887.0
500396,Downtown,Townhome,Fair,2279,,3,2.0,2019,5.2,8.2,67.4,6.78,7.0,551739.0,613822.0,627264.0
500397,Rural,Condo,Good,1576,7132,3,1.5,1989,7.47,8.9,32.1,5.49,7.5,337953.0,425359.0,428495.0
500398,Downtown,Condo,Good,1882,14696,4,2.5,1950,14.16,6.9,53.8,6.6,10.5,532857.0,543376.0,546558.0
500399,University,Condo,Fair,1414,9054,1,1.0,1961,5.95,8.2,40.7,5.94,4.0,432805.0,470175.0,458814.0
500400,Suburb,Townhome,Fair,1418,4282,3,2.0,2023,17.52,7.7,39.4,6.24,9.0,367582.0,367906.0,364294.0
500401,Suburb,House,Good,1758,8700,5,2.0,1997,17.32,5.4,56.7,7.65,12.0,463195.0,499300.0,495635.0
500402,Waterfront,Condo,Good,1758,10068,3,1.5,1992,15.28,7.6,32.6,7.19,7.5,429872.0,516338.0,474413.0
500403,Downtown,House,Fair,1088,4206,3,2.5,1993,16.64,9.0,28.4,6.76,10.5,420953.0,384114.0,394228.0
500404,Suburb,House,Fair,2871,5009,4,1.5,2007,10.89,6.3,54.4,5.42,9.5,591469.0,641045.0,641041.0
500405,Downtown,Condo,Good,1762,5165,2,1.5,1982,5.53,4.4,44.1,6.44,6.5,634220.0,605149.0,602833.0
500406,Waterfront,House,Good,951,4515,3,3.5,2000,12.65,7.3,40.5,6.28,8.5,493141.0,510090.0,505986.0
500407,Suburb,House,Fair,2566,8013,4,3.0,1982,14.54,6.1,42.4,6.19,12.0,697800.0,665469.0,665880.0
500408,University,Condo,Good,1364,11971,3,3.0,1988,10.23,9.9,51.9,7.06,10.0,337404.0,330523.0,333450.0
500409,Suburb,Condo,Good,2180,20231,4,,1973,7.37,7.0,38.9,5.21,10.0,606961.0,644825.0,629675.0
500410,University,Condo,Fair,1839,13311,3,3.0,1983,0.3,7.0,55.9,6.44,8.0,529398.0,552594.0,554158.0
500411,Rural,House,Good,2013,,4,3.0,1955,12.82,6.1,50.7,6.33,12.0,505153.0,470373.0,471805.0
500412,Rural,Condo,Excellent,1961,,3,3.0,1965,10.9,7.4,66.7,5.79,11.0,370834.0,376473.0,376902.0
500413,Waterfront,House,Excellent,1476,14483,5,4.0,1951,1.12,6.2,63.5,7.3,12.0,627039.0,715881.0,698636.0
500414,Suburb,Condo,Excellent,1877,5185,4,2.0,1971,9.41,5.7,57.3,5.48,11.0,573272.0,608115.0,606588.0
500415,Suburb,House,Fair,3172,9855,3,2.5,1968,13.09,7.0,41.4,6.27,8.5,813402.0,793672.0,778796.0
500416,Rural,House,,450,,1,2.0,1957,8.17,5.9,46.2,6.3,6.0,185370.0,204548.0,208722.0
500417,University,House,Good,1893,6015,4,1.0,2024,13.45,9.0,35.6,4.92,9.0,526682.0,502801.0,518266.0
500418,Suburb,House,Fair,2133,4947,4,1.0,1970,13.28,5.3,87.3,5.38,10.0,518848.0,459771.0,470037.0
500419,Rural,Condo,Good,1166,4800,2,2.0,2004,0.3,6.9,41.1,5.66,8.0,443674.0,456681.0,452816.0
500420,Suburb,House,Excellent,959,5535,1,2.5,1999,7.04,6.0,52.8,6.73,7.5,381781.0,359363.0,353146.0
500421,Suburb,Condo,Excellent,3253,3099,2,1.5,1957,11.69,5.0,64.9,6.82,7.5,690309.0,730847.0,724338.0
500422,Rural,House,Good,1609,,4,3.0,1991,14.24,9.5,24.0,6.61,11.0,426515.0,467076.0,471249.0
500423,Downtown,House,Fair,3201,6415,2,3.0,1996,17.16,4.0,32.1,6.39,9.0,660602.0,743652.0,735980.0
500424,Rural,House,Excellent,2198,6927,3,2.0,1993,0.3,9.2,38.6,4.91,9.0,750816.0,766739.0,760586.0
500425,Downtown,Condo,Excellent,1899,7965,3,3.5,2000,8.43,5.0,29.6,6.38,8.5,575442.0,605585.0,576413.0
500426,Waterfront,Townhome,Good,2159,10042,4,3.5,1990,13.05,7.2,25.5,5.94,11.5,1020819.0,977228.0,967398.0
500427,Suburb,Townhome,Fair,2263,4557,3,2.5,2015,16.07,10.0,36.7,6.96,7.5,570759.0,590577.0,581523.0
500428,Suburb,House,Good,2617,,3,1.5,2021,18.81,3.9,63.9,7.07,9.5,533230.0,554865.0,548664.0
500429,Rural,Condo,Good,2133,2476,3,3.5,2003,3.28,5.0,55.4,7.61,11.5,364322.0,444430.0,458692.0
500430,Suburb,House,Good,1944,1716,5,2.0,2014,6.61,9.0,45.0,6.68,12.0,599462.0,613704.0,597955.0
500431,Rural,Condo,Good,1965,2029,4,2.0,1979,2.58,7.3,44.9,6.74,11.0,453725.0,487167.0,471737.0
500432,Downtown,House,Fair,2729,16345,3,2.5,1970,13.66,6.2,19.6,5.62,7.5,610310.0,655919.0,663014.0
500433,Suburb,House,Good,,2173,2,,2017,0.98,7.0,55.0,6.3,6.0,591479.0,579163.0,567789.0
500434,Suburb,House,Fair,1199,8629,2,3.0,1992,15.83,5.6,50.9,5.5,7.0,349490.0,388073.0,386244.0
500435,Waterfront,House,Good,1437,15770,4,3.0,2024,14.36,7.2,28.3,6.79,11.0,678674.0,643404.0,645514.0
500436,Downtown,Condo,Excellent,2065,4939,2,,2023,11.7,9.3,47.6,5.52,10.0,553201.0,555258.0,555519.0
500437,Suburb,Condo,Fair,1445,17282,4,2.5,1984,0.3,6.5,41.6,6.12,9.5,376809.0,376829.0,367847.0
500438,Rural,Condo,Good,1605,19691,4,1.5,1970,4.8,7.3,36.7,5.75,9.5,396537.0,454848.0,465646.0
500439,Suburb,House,Good,1229,11462,3,2.0,1965,13.26,8.8,29.7,5.96,7.0,481097.0,448225.0,465791.0
500440,Downtown,Condo,Good,1680,26987,4,3.0,2003,0.42,10.0,34.4,6.52,11.0,793207.0,723103.0,711463.0
500441,Suburb,House,Good,2125,9445,4,2.0,1955,7.4,6.2,30.4,5.9,9.0,491479.0,534689.0,531592.0
500442,Suburb,House,Fair,2497,4198,2,4.5,1999,8.2,7.5,51.5,6.38,9.5,673456.0,692196.0,703239.0
500443,Suburb,House,Good,1856,8902,3,2.0,1972,14.09,6.2,50.0,5.64,9.0,512522.0,492526.0,490178.0
500444,University,House,Good,3199,4990,6,1.5,2000,10.49,6.1,49.4,7.1,12.5,828871.0,713540.0,701936.0
500445,Suburb,House,Good,1800,2980,2,3.0,1972,10.44,6.5,41.8,5.85,9.0,467697.0,516523.0,511583.0
500446,Suburb,House,Good,3926,3029,3,3.0,1992,6.21,6.1,38.4,6.86,8.0,830157.0,969848.0,979625.0
500447,Rural,House,Excellent,2501,26088,4,2.0,2024,8.85,4.5,75.2,7.55,9.0,608197.0,606501.0,594958.0
500448,Rural,House,Excellent,2173,,3,2.0,2006,8.02,4.1,16.6,4.76,7.0,767928.0,685635.0,688671.0
500449,Suburb,House,Good,1526,6429,2,2.5,1958,13.13,6.0,62.5,5.64,9.5,366999.0,382908.0,387434.0
500450,University,Condo,Good,450,,2,3.0,1978,7.75,7.2,49.8,6.12,8.0,232856.0,247591.0,240057.0
500451,Suburb,Townhome,Good,1749,7092,4,3.0,1990,14.94,8.8,45.6,6.96,11.0,555347.0,451425.0,458090.0
500452,Rural,House,Excellent,1966,5661,4,2.0,2021,0.3,6.3,36.9,5.95,11.0,485197.0,592750.0,600599.0
500453,University,House,Good,3100,5110,5,2.5,1990,15.93,6.8,41.3,6.48,11.5,563627.0,710248.0,721957.0
500454,Rural,Condo,Excellent,953,3161,3,3.0,1993,7.8,8.0,26.8,5.8,10.0,394092.0,396065.0,407013.0
500455,Rural,House,Good,3089,2802,4,3.0,1974,15.5,8.1,23.7,6.59,11.0,769173.0,743932.0,726619.0
500456,Suburb,Townhome,Excellent,1687,4187,2,1.0,1975,9.31,6.9,42.9,5.51,7.0,489383.0,570735.0,581239.0
500457,Suburb,House,Fair,2321,7802,3,1.5,1984,13.88,7.0,19.7,6.75,9.5,610580.0,619466.0,626327.0
500458,Suburb,House,Good,450,22761,3,1.5,1998,17.67,9.8,57.1,4.5,7.5,355035.0,357643.0,369110.0
500459,Rural,House,Fair,1940,12323,3,2.0,2007,5.53,6.6,61.3,5.09,7.0,552911.0,573487.0,563648.0
500460,Suburb,House,Fair,1627,19567,4,2.5,2002,9.29,6.3,5.0,7.35,8.5,487321.0,526389.0,537001.0
500461,Suburb,House,Good,2294,8771,4,3.0,1967,7.8,4.7,21.3,6.35,10.0,642296.0,683284.0,687694.0
500462,Rural,House,Fair,1909,6224,2,2.5,2019,10.04,7.7,48.6,5.7,6.5,445294.0,515342.0,501914.0
500463,Suburb,Condo,Good,1108,,4,2.0,2001,0.3,6.7,47.7,7.59,10.0,433029.0,443562.0,458475.0
500464,Suburb,Townhome,Fair,,6571,3,2.0,1998,7.79,9.9,46.2,6.88,7.0,586083.0,643793.0,634782.0
500465,University,House,Excellent,2302,1813,2,3.5,2014,7.33,6.6,50.9,6.93,10.5,641400.0,576297.0,564547.0
500466,Suburb,Condo,Fair,2238,5483,3,1.5,1989,4.15,8.2,55.8,5.99,6.5,492412.0,511572.0,516281.0
500467,University,House,Good,2506,17445,2,2.5,2013,7.65,8.4,57.6,6.62,7.5,668765.0,773169.0,766206.0
500468,University,House,Excellent,2566,8003,3,3.5,1976,0.3,9.5,71.4,6.55,10.5,737543.0,786590.0,790881.0
500469,Suburb,House,Good,1836,12934,3,2.5,2022,17.1,5.1,45.0,5.23,10.5,570465.0,550029.0,547252.0
500470,Rural,House,Good,968,5227,3,1.0,1982,11.46,9.4,57.5,6.61,7.0,260298.0,295504.0,298884.0
500471,Downtown,Condo,Excellent,950,2880,4,2.5,1999,19.98,7.1,20.2,6.13,11.5,478699.0,426391.0,435980.0
500472,Suburb,Condo,Fair,2727,4935,3,2.0,1971,3.62,6.9,42.6,7.03,10.0,764375.0,793304.0,793005.0
500473,University,House,Good,2312,5186,3,2.0,1997,1.89,6.6,26.3,7.04,7.0,608737.0,588386.0,598599.0
500474,Suburb,House,Good,1916,13567,2,3.0,1997,10.48,6.5,65.5,5.85,10.0,455322.0,547084.0,557048.0
500475,Suburb,Condo,Good,1567,21538,3,2.5,1959,0.3,6.5,79.6,5.87,7.5,456863.0,479283.0,469625.0
500476,Rural,Townhome,Good,1871,4223,2,2.0,2015,10.14,3.6,52.7,6.36,8.0,302581.0,347138.0,357196.0
500477,Rural,House,Fair,1866,5310,3,3.0,2007,4.63,7.8,25.1,6.64,11.0,444752.0,456323.0,463622.0
500478,Suburb,Townhome,Fair,1631,6038,3,2.5,1995,6.82,7.1,42.9,5.99,7.5,436809.0,466399.0,468065.0
500479,Suburb,Townhome,Good,1396,5346,3,2.5,2003,10.31,5.7,45.1,6.17,8.5,348132.0,427024.0,440144.0
500480,Suburb,Condo,Good,3257,3125,2,2.5,1965,9.07,7.0,47.6,6.62,7.5,704062.0,699031.0,718412.0
500481,Suburb,Condo,Good,1999,6972,2,2.5,2004,19.84,10.0,61.0,6.5,6.5,538069.0,553569.0,562525.0
500482,Suburb,House,Fair,1456,8195,3,2.0,1952,12.54,7.6,58.9,6.95,7.0,292242.0,303476.0,286502.0
500483,Suburb,House,Good,1004,8314,4,2.0,1965,1.14,6.5,5.0,6.39,9.0,507677.0,490843.0,496136.0
500484,Waterfront,Condo,Fair,1378,3199,4,2.0,2016,14.61,9.6,65.1,5.7,10.0,614555.0,652457.0,651043.0
500485,Suburb,Townhome,Good,2318,6163,4,1.5,2025,0.86,5.9,37.2,5.16,7.5,692728.0,747338.0,744329.0
500486,Suburb,House,Good,2343,2324,5,1.0,1972,9.31,6.8,36.2,6.74,9.0,566092.0,546292.0,550431.0
500487,Suburb,House,Excellent,1708,11420,4,3.0,2007,1.4,6.2,65.9,6.04,11.0,453479.0,452684.0,449009.0
500488,Suburb,House,Fair,1884,3581,3,2.0,2002,3.88,6.7,40.6,6.03,10.0,611024.0,608326.0,627447.0
500489,Waterfront,Condo,Good,1652,5601,2,2.0,2008,16.58,8.1,24.1,6.06,7.0,732410.0,678638.0,681981.0
500490,University,House,Fair,1130,5045,2,2.0,2021,5.49,7.9,24.8,5.28,7.0,393867.0,424994.0,425357.0
500491,Suburb,Condo,Good,2696,4656,3,2.0,1973,4.97,6.0,45.5,6.0,7.0,735869.0,738879.0,748144.0
500492,Suburb,House,Good,2092,3501,3,2.0,2021,5.45,6.9,58.3,4.65,10.0,615977.0,619881.0,629348.0
500493,University,Condo,,3460,2289,3,2.5,1991,6.93,7.2,67.2,5.99,10.5,677450.0,763536.0,777450.0
500494,Suburb,Condo,Excellent,1358,18700,3,1.5,1992,17.33,6.5,42.1,5.69,7.5,364857.0,403246.0,410777.0
500495,Rural,House,Good,1761,7709,3,3.0,1985,1.79,7.0,37.6,7.37,11.0,478123.0,515920.0,515667.0
500496,Downtown,House,Good,2424,7756,4,1.5,2019,1.45,6.0,69.0,6.52,9.5,709457.0,674536.0,676282.0
500497,University,House,Excellent,1691,23306,3,3.0,2021,12.21,6.0,37.8,6.11,11.0,518054.0,542975.0,518031.0
500498,Suburb,Condo,Good,948,6229,3,1.0,1980,0.3,7.1,66.5,6.34,7.0,463769.0,422295.0,405389.0
500499,Suburb,House,Excellent,1233,9218,4,1.5,1960,6.61,5.5,48.2,6.69,8.5,403453.0,469033.0,481291.0
500500,Suburb,House,Good,1915,6702,3,3.0,2021,15.48,7.7,48.2,5.78,11.0,455185.0,480984.0,477354.0
500501,Suburb,House,Excellent,2073,13495,2,2.0,1960,8.78,6.8,41.1,6.1,6.0,635432.0,667755.0,689013.0
500502,University,House,Fair,1789,8946,4,1.5,2001,5.92,5.7,49.1,6.02,7.5,478396.0,549369.0,570505.0
500503,University,Condo,Good,2502,7996,4,2.5,1979,4.56,6.2,37.7,7.77,8.5,554732.0,560271.0,545887.0
500504,Suburb,Condo,Good,2495,5681,3,1.5,1956,3.33,6.3,34.5,6.28,6.5,592164.0,609544.0,613331.0
500505,Rural,Townhome,Good,2060,7833,3,2.5,2023,5.26,6.8,42.6,5.03,7.5,575887.0,589200.0,622966.0
500506,Suburb,Condo,Good,1867,13315,5,1.0,2011,9.56,7.2,34.9,6.73,8.0,474882.0,527685.0,518710.0
500507,Suburb,Condo,Fair,1686,1905,2,2.0,1975,16.13,6.7,49.2,7.83,6.0,381468.0,347912.0,352688.0
500508,Suburb,House,Fair,2208,6131,3,1.5,1962,14.48,5.8,45.9,5.65,7.5,596265.0,553537.0,551047.0
500509,Suburb,Condo,Fair,2448,5156,3,2.5,1996,5.4,9.1,40.7,8.0,9.5,580149.0,583883.0,581266.0
500510,Suburb,Condo,Good,1889,5533,2,3.0,2025,4.41,8.4,41.7,6.2,9.0,684600.0,703607.0,700551.0
500511,Rural,Condo,Fair,2142,2025,3,1.5,1970,12.86,7.2,41.2,6.86,9.5,329007.0,382852.0,382840.0
500512,Rural,Condo,Good,1639,10277,5,3.5,1953,0.3,8.4,70.7,5.89,11.5,423487.0,454637.0,463699.0
500513,Downtown,Condo,Good,932,3990,4,1.5,1961,6.13,7.5,44.5,6.07,9.5,526214.0,522743.0,513584.0
500514,Rural,House,Fair,1199,5784,4,1.0,2007,6.8,6.7,35.7,5.48,10.0,487251.0,516598.0,522663.0
500515,University,Condo,Excellent,2348,4899,4,1.0,2020,2.14,7.2,40.2,5.59,8.0,658172.0,706495.0,698476.0
500516,Suburb,House,Good,2141,2434,3,3.5,1961,2.82,10.0,54.6,4.92,10.5,683590.0,683126.0,689418.0
500517,Downtown,House,Good,2884,5072,4,,1951,10.78,8.5,41.6,6.94,9.0,618957.0,686543.0,690420.0
500518,Rural,House,Good,1886,2195,3,1.5,1991,0.3,8.6,42.4,5.53,8.5,555182.0,640574.0,631729.0
500519,Suburb,House,Excellent,2412,,3,1.5,1990,3.29,6.5,40.8,6.47,6.5,620822.0,716283.0,718116.0
500520,Rural,House,Good,2710,5487,3,1.5,1978,4.86,7.9,47.1,6.44,7.5,550274.0,600437.0,592082.0
500521,Suburb,House,Fair,2496,6611,4,3.5,1964,9.18,10.0,50.5,5.84,11.5,678591.0,707091.0,697454.0
500522,Rural,House,Good,,6853,4,2.0,2016,0.56,7.7,51.3,6.27,8.0,538457.0,556766.0,570566.0
500523,Suburb,Condo,Fair,1730,6104,4,3.5,2013,15.12,8.6,20.1,6.18,9.5,621396.0,565606.0,544625.0
500524,Suburb,Condo,Fair,1934,23908,1,2.0,1970,6.85,8.9,28.6,5.93,7.0,686798.0,681488.0,688190.0
500525,Suburb,Condo,Excellent,1209,8609,4,1.0,1965,7.13,8.0,5.2,6.27,10.0,566194.0,581502.0,589926.0
500526,Rural,Townhome,Good,2158,3186,6,3.0,2004,6.52,9.3,56.7,6.27,11.0,661719.0,630571.0,623875.0
500527,Suburb,House,Good,2516,4592,5,2.0,1981,4.67,7.4,61.3,5.61,9.0,611872.0,699295.0,712167.0
500528,Waterfront,House,Fair,1537,4469,3,2.0,2021,2.85,7.8,64.1,5.44,7.0,685211.0,701483.0,712266.0
500529,Suburb,House,Good,3132,5961,2,3.5,2016,15.45,6.1,46.8,5.71,7.5,830965.0,822522.0,807654.0
500530,Suburb,House,Good,1661,4617,3,2.0,1954,9.85,10.0,61.9,6.31,7.0,553691.0,542870.0,549181.0
500531,Suburb,Townhome,Fair,1718,3969,2,3.0,1971,7.99,7.5,44.1,7.09,9.0,540964.0,516159.0,521802.0
500532,Downtown,House,Excellent,1695,17835,4,2.0,2004,14.53,7.2,42.8,7.15,8.0,595827.0,604504.0,596124.0
500533,Suburb,Condo,Excellent,1390,6808,3,1.5,1954,4.42,9.1,21.5,6.43,7.5,540783.0,588529.0,595434.0
500534,Rural,Condo,Excellent,2122,5417,4,2.5,1956,12.36,6.3,32.9,6.82,10.5,574593.0,596197.0,605132.0
500535,Rural,House,Excellent,1863,5700,5,1.5,1969,8.76,7.0,35.8,6.31,8.5,497166.0,542018.0,533838.0
500536,Suburb,Condo,Good,2930,5822,1,3.0,2009,3.35,5.9,58.4,6.92,7.0,636066.0,620999.0,598000.0
500537,Downtown,House,Good,,15295,3,3.0,2023,13.11,7.1,69.5,6.32,8.0,698369.0,739198.0,744080.0
500538,Suburb,House,Good,2199,8837,3,2.5,2015,0.3,6.5,37.6,6.48,8.5,693166.0,699134.0,690703.0
500539,Rural,House,Fair,1706,13012,2,2.5,1967,12.46,7.8,50.2,6.06,9.5,314774.0,385932.0,366123.0
500540,Suburb,House,Good,,1021,3,2.5,1960,3.37,6.9,48.8,6.23,8.5,408312.0,398574.0,394309.0
500541,Waterfront,House,Fair,1792,8068,3,2.0,1963,11.02,6.2,33.0,7.41,8.0,544619.0,596543.0,569017.0
500542,Rural,House,Fair,1297,12526,4,3.0,2017,16.76,6.6,18.8,5.49,12.0,314349.0,309286.0,305550.0
500543,Rural,Townhome,Good,2469,21682,2,2.0,2002,11.95,6.9,33.3,6.24,7.0,532545.0,587264.0,604947.0
500544,Rural,House,Good,1830,6754,4,2.5,1983,5.02,6.3,23.1,5.87,9.5,424078.0,466129.0,433143.0
500545,Rural,House,Good,2933,2369,5,1.5,1991,8.41,8.4,39.9,6.83,10.5,753050.0,707352.0,712894.0
500546,Suburb,Townhome,Good,2328,9450,4,2.5,1973,6.4,8.0,42.5,7.36,9.5,614495.0,618281.0,607727.0
500547,Suburb,House,Excellent,2393,4633,4,2.5,2004,1.64,7.3,41.9,6.04,11.5,763256.0,823687.0,819093.0
500548,Suburb,Townhome,Good,2000,2265,3,1.5,2023,2.02,5.3,42.1,4.52,7.5,624082.0,621337.0,610920.0
500549,Suburb,Condo,Excellent,1986,4580,2,2.0,1999,8.82,7.8,51.9,6.62,7.0,647149.0,599427.0,607048.0
500550,Downtown,Condo,Good,2275,12510,4,2.0,1979,11.73,5.2,30.7,6.62,9.0,499658.0,603145.0,603226.0
500551,Suburb,House,Excellent,2450,13656,4,3.0,1971,0.3,7.3,57.9,5.19,11.0,699742.0,772668.0,763765.0
500552,Rural,House,Excellent,1388,10237,4,1.5,1965,8.12,7.1,19.6,6.08,8.5,348425.0,416826.0,401780.0
500553,Downtown,House,Fair,2170,3541,6,2.5,2008,11.53,6.2,45.5,6.19,10.5,638911.0,690201.0,685427.0
500554,Downtown,House,Good,3554,30070,4,3.5,1975,9.18,5.8,50.4,4.8,12.5,799346.0,970183.0,983820.0
500555,Downtown,House,Good,1792,3293,4,2.5,1985,2.61,6.0,32.7,6.65,11.5,516848.0,587791.0,573845.0
500556,Suburb,House,Good,1684,6341,5,1.0,2018,14.64,10.0,20.7,6.51,11.0,503599.0,572184.0,577244.0
500557,Waterfront,Townhome,Fair,1400,2792,2,2.5,2022,1.34,6.7,54.2,6.38,9.5,542385.0,581887.0,586038.0
500558,Downtown,House,Excellent,908,14646,2,3.0,2024,12.34,6.7,34.5,5.58,8.0,454326.0,469550.0,446435.0
500559,Suburb,Townhome,Fair,2623,8685,3,2.0,1950,17.96,8.4,56.3,5.79,7.0,591023.0,594658.0,607736.0
500560,Downtown,Condo,Fair,1890,11326,3,3.0,1984,0.3,7.6,56.1,5.84,11.0,613383.0,687205.0,686942.0
500561,Suburb,House,Good,2045,7019,4,2.5,1979,10.02,8.6,44.5,6.53,9.5,600772.0,582732.0,608978.0
500562,Downtown,House,Fair,3049,6383,3,2.5,1987,10.35,5.3,44.6,5.62,7.5,722342.0,691429.0,711924.0
500563,Suburb,House,Good,,7385,5,2.0,1989,9.83,5.5,59.4,7.14,10.0,792279.0,747840.0,745134.0
500564,Downtown,House,Excellent,1272,2142,5,2.0,1995,3.96,10.0,50.2,6.47,10.0,699686.0,715631.0,714035.0
500565,Suburb,Townhome,Good,2535,12080,4,2.0,1995,6.64,7.0,30.6,4.88,10.0,653926.0,704759.0,693219.0
500566,University,House,Good,2255,11511,3,2.5,2013,0.3,6.6,47.1,7.28,10.5,633720.0,697013.0,681170.0
500567,Suburb,House,Fair,2110,5259,4,2.5,1998,9.26,7.3,52.9,6.33,8.5,527073.0,560921.0,570430.0
500568,Rural,House,Good,2162,6607,4,,1950,11.64,8.5,47.6,5.89,8.5,539541.0,577382.0,574650.0
500569,Suburb,Condo,Excellent,1836,7969,2,2.0,1972,4.55,5.3,47.4,6.3,9.0,526850.0,545105.0,540605.0
500570,Suburb,House,Good,2884,17082,4,2.5,2010,3.01,7.5,42.4,5.1,11.5,750560.0,753530.0,751739.0
500571,University,House,Fair,2251,8631,4,2.5,2008,5.68,7.0,42.8,6.35,9.5,603266.0,592504.0,600669.0
500572,Downtown,Condo,Good,2076,6834,3,1.0,2023,8.41,8.0,30.6,4.7,7.0,758552.0,801779.0,813008.0
500573,Waterfront,House,Good,,4909,5,1.5,1991,8.82,7.3,23.2,5.59,10.5,1006362.0,942125.0,942346.0
500574,University,Condo,Good,2434,2704,4,1.5,1980,7.84,6.3,61.4,7.07,8.5,587846.0,581679.0,579621.0
500575,Rural,House,Good,2151,4661,2,2.0,2024,8.86,5.8,35.1,7.02,7.0,462367.0,489222.0,490642.0
500576,Downtown,House,Fair,2064,6959,3,2.0,1983,0.73,3.5,47.9,6.02,10.0,600498.0,592848.0,617302.0
500577,Rural,House,Fair,2993,5732,2,2.0,1961,0.3,8.5,22.2,5.63,7.0,586943.0,754195.0,730093.0
500578,Rural,Condo,Good,2183,6980,4,1.5,2022,12.08,4.9,47.0,6.81,10.5,550401.0,490189.0,476840.0
500579,Rural,Townhome,,1793,10434,2,2.5,1980,16.82,6.5,32.2,6.2,6.5,606895.0,603330.0,609112.0
500580,Suburb,Condo,Excellent,1295,8665,4,2.5,1980,0.3,9.4,88.9,6.36,8.5,501879.0,513746.0,515693.0
500581,Waterfront,House,Good,1628,7873,4,1.0,2007,4.52,6.4,29.4,6.62,10.0,625731.0,687916.0,702552.0
500582,University,House,Good,1170,9897,4,2.0,1978,10.2,7.9,30.2,5.56,9.0,463721.0,424832.0,440437.0
500583,Downtown,House,Fair,1922,7467,3,1.5,2017,14.05,6.7,58.7,6.72,6.5,424786.0,446029.0,469465.0
500584,Suburb,House,Good,2019,6556,2,3.5,2015,12.25,8.0,61.6,4.91,9.5,500408.0,523840.0,514701.0
500585,Downtown,House,Excellent,519,8854,5,2.0,1963,15.95,7.1,13.1,7.14,9.0,436482.0,434175.0,441606.0
500586,University,House,Excellent,1864,2369,3,2.0,1985,8.11,6.3,48.4,5.25,8.0,464550.0,495401.0,492856.0
500587,University,Townhome,Good,2274,14168,5,2.5,1956,10.86,9.0,57.7,5.84,9.5,637266.0,693106.0,704738.0
500588,Waterfront,Condo,Good,1960,3083,4,2.0,1999,10.85,6.7,26.3,5.81,11.0,767216.0,794246.0,796670.0
500589,Rural,Condo,Excellent,1231,11044,4,2.0,1981,5.88,5.1,54.8,6.68,8.0,319769.0,363516.0,374152.0
500590,Rural,Condo,Excellent,2676,6737,5,,1971,15.5,6.6,36.7,6.69,10.5,593079.0,578920.0,570463.0
500591,Rural,House,Good,1399,13000,4,2.5,1951,12.09,7.8,29.7,6.45,9.5,403390.0,406389.0,408576.0
500592,Suburb,House,Good,1053,6831,5,3.0,2001,14.18,5.4,39.3,6.57,13.0,416483.0,394732.0,388961.0
500593,Waterfront,House,Good,,3796,2,3.0,1954,6.13,8.2,37.7,6.52,9.0,624162.0,635147.0,632341.0
500594,Rural,House,Good,1842,12741,4,1.5,1977,14.48,8.1,23.8,6.18,9.5,493574.0,457248.0,452177.0
500595,Suburb,House,Good,2491,7477,3,3.5,1989,2.22,10.0,77.9,5.03,10.5,724027.0,737155.0,725321.0
500596,Suburb,Condo,Good,2609,7187,3,3.0,2009,10.73,6.1,37.8,4.79,10.0,764548.0,704136.0,717511.0
500597,Downtown,House,Fair,1988,7029,3,3.0,1974,0.3,8.0,33.4,4.79,10.0,647200.0,696896.0,700637.0
500598,Rural,House,Good,1076,12211,4,1.5,1987,2.48,4.6,57.3,6.2,9.5,350101.0,314168.0,327265.0
500599,Rural,House,Good,1424,10940,5,3.0,2008,12.74,6.4,43.5,6.08,12.0,337124.0,340602.0,329185.0
500600,Suburb,Condo,Excellent,1268,7691,1,2.5,2019,5.76,7.2,64.5,6.14,6.5,414629.0,372565.0,349879.0
500601,University,Condo,Fair,1735,2642,3,2.0,2013,9.43,7.6,40.6,6.36,8.0,370719.0,430102.0,422783.0
500602,Rural,Condo,Fair,698,,2,,1991,0.3,7.0,49.8,6.08,9.0,299900.0,284466.0,282964.0
500603,Suburb,House,Good,,7142,4,2.5,1962,17.5,6.9,46.0,5.6,9.5,595520.0,577958.0,587530.0
500604,Downtown,House,Excellent,2270,19683,3,2.0,2015,11.91,6.2,47.1,5.28,7.0,765620.0,863769.0,876475.0
500605,Downtown,House,Good,1754,8446,4,2.5,2009,8.25,6.4,41.5,5.04,9.5,675634.0,735831.0,750465.0
500606,Suburb,House,Fair,2150,6347,3,3.0,1983,10.85,7.5,43.0,6.98,11.0,544685.0,576976.0,595350.0
500607,Suburb,Condo,Good,1241,13749,4,3.0,2004,10.33,7.8,69.5,6.79,9.0,530584.0,515918.0,524780.0
500608,Suburb,Townhome,Excellent,905,6276,4,2.5,2000,16.72,8.0,34.4,5.38,9.5,487960.0,442638.0,444245.0
500609,Waterfront,Condo,Excellent,1437,6599,3,3.0,1961,9.66,8.5,36.4,6.05,8.0,695275.0,661043.0,652355.0
500610,Suburb,House,Excellent,2603,7375,3,3.5,1970,0.3,8.8,39.4,6.5,8.5,920624.0,940914.0,949282.0
500611,University,House,Good,2520,2732,2,1.0,2015,6.9,4.4,53.1,7.22,8.0,482889.0,506768.0,501169.0
500612,Rural,Condo,Good,1554,11924,4,2.0,1994,15.94,6.3,50.5,5.85,11.0,340536.0,365135.0,355971.0
500613,University,Townhome,Excellent,2633,8668,4,1.5,1954,11.75,6.8,58.5,6.33,8.5,617168.0,647663.0,654863.0
500614,Suburb,House,Good,1639,5667,3,2.5,2000,5.93,6.1,24.6,6.95,8.5,639183.0,611163.0,614048.0
500615,Downtown,House,Excellent,2833,3384,4,3.5,1978,11.98,8.5,48.4,5.13,10.5,790951.0,841797.0,852168.0
500616,,House,Good,2164,7634,1,2.5,1964,9.09,8.1,41.9,5.76,8.5,595812.0,631725.0,623594.0
500617,Suburb,Condo,Good,1557,15558,1,1.5,1961,11.98,6.9,40.3,6.2,7.5,334907.0,398647.0,412732.0
500618,Downtown,Condo,Fair,2367,4572,2,2.0,1991,0.3,7.2,47.0,5.77,7.0,601719.0,619059.0,623592.0
500619,University,House,Excellent,1347,3553,3,3.0,1973,3.13,8.9,15.3,7.54,10.0,515195.0,565084.0,563400.0
500620,Rural,House,Excellent,1242,8645,3,2.0,2020,12.31,6.5,48.6,6.76,9.0,358658.0,399741.0,391130.0
500621,Suburb,House,,907,2578,3,2.0,1972,7.09,6.6,46.7,6.34,8.0,323100.0,298727.0,286348.0
500622,Suburb,House,Excellent,2018,,3,2.5,1965,10.47,8.3,23.3,5.62,10.5,586238.0,625243.0,609480.0
500623,Waterfront,Condo,Good,1815,5147,4,1.0,1955,19.9,7.7,43.2,6.76,7.0,519013.0,541037.0,557834.0
500624,Suburb,Condo,Good,1800,4443,3,3.0,1987,6.57,9.1,67.6,6.62,10.0,532610.0,580777.0,564379.0
500625,Rural,Townhome,Good,1584,5693,2,2.5,1967,9.82,7.6,38.8,5.9,8.5,468846.0,455006.0,462745.0
500626,Downtown,House,Fair,2785,4830,2,2.5,2013,5.13,8.1,53.4,5.95,9.5,746409.0,782364.0,779759.0
500627,University,House,Good,1575,8208,5,1.5,2001,4.74,6.3,41.2,5.3,9.5,567766.0,576619.0,570145.0
500628,Downtown,Condo,Good,1380,5890,1,1.5,1982,7.96,5.7,32.5,6.17,7.5,436806.0,436712.0,431445.0
500629,Suburb,Condo,Good,2660,4695,3,1.5,2023,0.3,7.0,30.9,6.76,9.5,665757.0,737457.0,736625.0
500630,Downtown,House,Good,2774,5111,5,2.5,1952,0.3,3.2,38.7,6.85,12.5,551244.0,700669.0,711630.0
500631,Suburb,House,Fair,2070,9826,4,2.5,1963,16.41,7.6,63.9,6.58,10.5,292185.0,414769.0,421710.0
500632,University,Condo,Good,719,11958,2,2.5,1989,7.79,8.4,56.7,6.74,8.5,289289.0,273613.0,273903.0
500633,Downtown,Condo,Fair,1460,11575,3,3.5,1961,14.99,7.1,34.1,5.85,10.5,457256.0,482046.0,466207.0
500634,Suburb,House,Good,2248,10224,4,3.5,1985,9.12,6.7,59.4,5.92,9.5,577998.0,641028.0,620361.0
500635,Rural,House,Good,1862,930,4,1.5,1953,9.28,8.6,42.7,6.97,9.5,468957.0,512651.0,534948.0
500636,Rural,Townhome,Fair,2860,3689,2,1.5,2020,12.33,7.0,34.3,6.5,5.5,472538.0,505091.0,493529.0
500637,Suburb,House,Good,962,5573,4,3.5,2010,12.61,8.4,51.0,5.72,12.5,433840.0,424318.0,406140.0
500638,Rural,Condo,Good,2291,7617,3,2.0,2000,1.35,10.0,31.0,6.53,7.0,610992.0,661500.0,675029.0
500639,Suburb,House,Good,1442,2551,4,3.5,2025,15.49,8.1,21.2,6.74,10.5,494191.0,448191.0,430833.0
500640,University,House,Excellent,2710,15806,5,3.5,2009,2.71,8.4,63.8,6.66,12.5,726700.0,817377.0,826420.0
500641,Suburb,House,Good,1801,8079,3,2.0,1973,9.6,7.7,17.4,6.28,9.0,532471.0,543286.0,554558.0
500642,Rural,House,Fair,2520,4639,2,2.0,1977,23.39,7.4,52.6,5.89,9.0,396671.0,418677.0,421903.0
500643,Rural,House,Excellent,1429,7430,4,2.5,1996,8.87,7.4,21.9,6.47,8.5,547233.0,571960.0,583610.0
500644,Rural,House,Good,934,5472,5,1.5,2018,18.18,7.1,44.1,7.28,10.5,175338.0,188578.0,172487.0
500645,Suburb,House,Good,1128,4270,4,1.5,1975,6.37,8.6,41.6,6.31,10.5,446190.0,502114.0,487999.0
500646,Rural,House,Fair,1456,9127,3,2.0,2012,12.01,4.7,38.1,5.8,8.0,331312.0,348779.0,346791.0
500647,Rural,House,Good,1184,5132,6,3.0,2022,8.71,6.7,12.1,6.43,13.0,412698.0,395884.0,396138.0
500648,Suburb,Condo,Good,2630,2889,2,2.0,1956,10.86,8.0,43.0,5.44,6.0,610162.0,597665.0,596958.0
500649,Downtown,House,Good,2720,4604,4,2.0,1973,3.4,5.8,44.0,6.36,9.0,703326.0,713998.0,719769.0
500650,Waterfront,House,Excellent,2027,6292,3,2.0,2000,3.03,6.9,31.3,6.03,8.0,897125.0,813529.0,805128.0
500651,Rural,Condo,Fair,1178,3526,3,1.0,1978,10.37,6.0,43.6,6.82,9.0,213888.0,266114.0,241293.0
500652,Suburb,House,Excellent,1773,14368,3,3.5,2018,0.3,7.7,59.3,6.28,8.5,534496.0,552361.0,557419.0
500653,Rural,House,Good,,3507,5,1.0,1987,3.46,8.3,33.9,6.87,8.0,573874.0,519369.0,516966.0
500654,Suburb,House,Good,2795,19354,2,1.5,1999,12.17,9.1,48.4,7.65,6.5,700752.0,730774.0,740638.0
500655,Suburb,House,Excellent,2055,11534,3,2.5,1970,4.8,7.8,27.5,6.08,8.5,785185.0,773632.0,798407.0
500656,University,House,Good,2168,3834,2,1.0,2023,3.2,6.0,50.3,5.69,6.0,594453.0,542805.0,544025.0
500657,Suburb,Condo,Excellent,1590,7294,4,2.5,1988,1.92,7.4,54.1,6.5,8.5,451314.0,440909.0,448033.0
500658,,Condo,Excellent,543,13713,3,3.0,1969,9.27,7.9,81.4,6.16,11.0,228771.0,292280.0,282006.0
500659,Suburb,House,Excellent,1349,6018,4,1.5,2017,6.28,9.1,58.0,6.3,8.5,573778.0,530083.0,541053.0
500660,Downtown,House,Good,1124,3300,2,2.5,1994,9.29,4.0,51.0,5.84,7.5,417037.0,447031.0,451309.0
500661,Suburb,Townhome,Good,2091,7220,3,1.5,1982,7.31,7.6,65.5,6.56,7.5,487968.0,522232.0,525436.0
500662,Suburb,House,Fair,1913,22286,4,2.5,1990,19.25,4.4,29.9,6.26,11.5,500512.0,485279.0,496325.0
500663,Downtown,Condo,Good,1329,2762,3,2.5,1971,5.85,8.1,60.5,4.86,10.5,496341.0,531256.0,518194.0
500664,Downtown,Condo,Excellent,1597,9423,4,2.5,1972,0.3,7.7,36.5,6.07,8.5,568924.0,577544.0,584449.0
500665,Suburb,Condo,Fair,2868,6797,4,3.5,1967,9.09,7.8,35.5,6.42,9.5,757871.0,797094.0,802747.0
500666,Suburb,Condo,Good,1226,6298,3,2.5,2009,8.42,8.3,60.8,6.95,8.5,294888.0,346405.0,365395.0
500667,Rural,House,Good,1253,5351,2,3.5,1977,9.33,7.6,48.1,5.85,9.5,362086.0,412283.0,391268.0
500668,Waterfront,Condo,Fair,1702,5583,4,2.5,1982,0.3,6.1,64.3,5.71,10.5,673752.0,727662.0,726868.0
500669,Suburb,House,Excellent,1396,12607,3,1.5,2005,15.04,7.5,23.2,6.93,6.5,454002.0,456940.0,483026.0
500670,Suburb,House,Good,1571,9678,4,2.5,1999,8.23,8.8,48.7,5.83,9.5,532626.0,562280.0,557736.0
500671,Suburb,House,Good,2195,3720,1,2.5,1965,8.16,6.9,36.9,6.28,8.5,648722.0,673777.0,668885.0
500672,,House,Fair,2976,17245,2,1.0,2009,0.3,7.1,40.7,6.51,5.0,737708.0,791971.0,813242.0
500673,Downtown,Condo,Good,,3109,1,3.5,2024,11.18,5.3,16.4,6.67,9.5,410951.0,418854.0,448639.0
500674,University,Condo,Good,1838,,2,2.5,2005,8.03,8.7,58.5,6.22,7.5,554771.0,544235.0,545854.0
500675,Suburb,House,Good,1877,7562,4,2.5,2006,16.32,6.3,47.8,5.52,10.5,588872.0,557471.0,549316.0
500676,University,House,Fair,1795,13904,4,1.5,1957,5.98,6.0,30.1,6.84,9.5,375866.0,517163.0,510428.0
500677,Downtown,House,Good,1728,8389,3,2.5,1980,1.19,6.4,24.8,5.94,7.5,603467.0,633081.0,628671.0
500678,Suburb,House,Good,1629,12770,3,2.5,1954,9.16,5.8,31.8,5.89,10.5,418119.0,489690.0,479992.0
500679,University,Townhome,Excellent,2503,6680,4,2.0,1958,3.07,6.7,65.3,7.47,9.0,748955.0,702552.0,693278.0
500680,University,Townhome,Good,1548,12153,3,,2012,10.84,8.9,43.2,6.76,7.5,504132.0,507259.0,509560.0
500681,Downtown,Townhome,Good,1767,8337,4,1.0,1962,2.08,8.2,39.8,5.55,7.0,710990.0,655415.0,656122.0
500682,Suburb,Condo,Good,1850,24621,3,,1999,7.66,9.1,52.0,5.91,8.5,506605.0,544448.0,550319.0
500683,,Condo,Fair,1920,4468,1,1.5,1972,7.09,9.2,44.9,6.06,7.5,539639.0,510071.0,510630.0
500684,Rural,House,Excellent,1739,13888,3,1.0,1961,8.21,5.8,48.1,5.75,9.0,502498.0,565626.0,551621.0
500685,Downtown,House,Excellent,2500,8965,5,1.5,2007,5.41,7.7,55.7,5.02,10.5,950801.0,880416.0,889361.0
500686,Suburb,House,Good,1844,7544,3,1.5,1959,3.68,9.2,49.6,6.71,8.5,571375.0,573615.0,576758.0
500687,University,Condo,Excellent,1963,4831,3,2.5,2019,8.07,10.0,57.7,6.7,7.5,503264.0,574142.0,567517.0
500688,Suburb,House,Good,1817,8877,3,1.5,1987,5.03,5.0,27.2,6.36,7.5,469001.0,514549.0,511594.0
500689,Suburb,House,Good,1198,2804,3,2.5,2023,9.3,5.0,45.7,5.96,10.5,395239.0,445007.0,449031.0
500690,Waterfront,House,Good,1311,2987,4,1.5,1963,6.82,7.7,39.5,6.34,8.5,655505.0,682483.0,683644.0
500691,Suburb,House,Good,1167,10408,3,4.0,2013,0.3,6.6,46.4,6.61,10.0,513355.0,499218.0,497932.0
500692,Downtown,Condo,Good,1975,2671,2,2.5,2020,8.05,5.6,44.2,5.56,7.5,597901.0,673790.0,683049.0
500693,Suburb,House,Fair,1386,16085,1,4.0,2015,16.51,7.6,35.4,6.01,9.0,456552.0,433921.0,446693.0
500694,Downtown,House,Good,1160,5762,3,1.5,1967,10.18,5.9,39.7,5.86,8.5,517314.0,511901.0,508433.0
500695,Downtown,Townhome,Good,2005,7892,1,2.5,1986,11.9,3.8,58.8,6.65,5.5,487539.0,458879.0,458867.0
500696,Suburb,Condo,Fair,2191,7109,1,1.5,2021,11.07,7.0,36.7,6.37,7.5,567980.0,540030.0,527208.0
500697,Waterfront,Condo,Good,705,8745,4,2.5,1954,5.68,7.2,26.5,5.4,9.5,438583.0,449923.0,448166.0
500698,Suburb,House,Good,2948,5749,4,3.0,2004,0.64,7.9,53.6,5.83,10.0,845268.0,866558.0,872400.0
500699,Rural,House,Good,,5452,1,1.0,1988,13.13,8.4,59.2,7.31,5.0,389023.0,436910.0,447327.0
500700,Suburb,Townhome,Excellent,1782,6303,4,1.5,1992,14.55,7.3,40.9,5.61,10.5,488429.0,523271.0,525474.0
500701,Suburb,Condo,Good,2543,12760,4,1.5,1989,11.71,6.7,46.7,6.31,9.5,531873.0,590139.0,589338.0
500702,Rural,House,Good,1895,13421,2,1.0,2001,10.88,6.1,32.5,5.82,6.0,417036.0,467972.0,459769.0
500703,Suburb,House,Good,1457,,4,1.5,2009,10.71,4.7,41.9,6.99,10.5,320040.0,355300.0,358073.0
500704,University,House,Good,3276,8467,2,1.5,2002,8.25,6.4,61.2,6.17,6.5,667481.0,703272.0,690650.0
500705,Suburb,House,Good,1152,6030,2,1.0,1952,10.01,8.5,56.7,5.94,5.0,270051.0,331747.0,333477.0
500706,Suburb,House,Excellent,1787,2483,2,2.5,1971,8.48,8.0,47.1,5.48,7.5,584782.0,651441.0,651903.0
500707,Suburb,House,Excellent,,10004,2,2.5,1994,10.31,10.0,40.9,6.06,9.5,741851.0,818321.0,807879.0
500708,Suburb,House,Fair,1155,11264,4,1.0,1987,2.93,6.8,21.0,6.73,7.0,401396.0,416347.0,420438.0
500709,Downtown,House,Fair,1784,5341,2,2.0,1991,4.76,4.5,49.6,6.63,8.0,463805.0,503274.0,500985.0
500710,Rural,House,Excellent,2101,11041,2,2.0,1955,11.72,8.2,51.7,5.39,6.0,621716.0,595155.0,602444.0
500711,University,House,Excellent,3411,14744,2,,1991,6.45,8.5,60.4,7.18,6.0,851466.0,816662.0,811187.0
500712,Downtown,House,Good,1270,7201,3,1.5,1953,0.3,5.4,74.6,6.06,7.5,446201.0,437899.0,443800.0
500713,Suburb,House,Excellent,1819,12828,3,3.0,1957,9.14,4.7,50.5,5.55,9.0,564293.0,627583.0,646191.0
500714,Rural,House,Good,2278,8184,4,3.0,2021,0.3,7.3,59.0,6.29,10.0,594830.0,640349.0,642676.0
500715,Suburb,House,Excellent,1903,2403,2,3.0,2011,19.49,8.1,28.6,5.82,10.0,526005.0,593573.0,603076.0
500716,Suburb,House,Fair,1068,,2,2.0,2014,12.59,5.4,62.7,5.85,7.0,302170.0,294530.0,287203.0
500717,,Condo,Good,,5321,3,4.0,1965,12.31,6.5,57.7,5.82,10.0,591716.0,628485.0,624545.0
500718,Suburb,House,Good,1920,9350,3,3.5,2007,4.58,5.9,65.0,6.15,11.5,481553.0,545428.0,523436.0
500719,Rural,House,Fair,2140,4054,2,2.0,1950,1.9,5.3,54.9,5.9,9.0,510072.0,482878.0,481310.0
500720,Suburb,Condo,Good,2585,5230,3,2.0,1957,7.2,5.1,51.6,5.15,8.0,614414.0,573836.0,560757.0
500721,Downtown,Condo,Good,2509,3821,5,3.0,1996,8.54,7.2,66.7,6.53,10.0,626421.0,661971.0,663520.0
500722,University,Condo,Good,2115,6650,3,1.5,1997,3.98,6.5,35.3,5.88,9.5,633318.0,602385.0,578340.0
500723,Waterfront,Condo,Excellent,2052,7097,3,2.5,1954,9.35,6.1,54.5,6.95,9.5,590400.0,708433.0,698504.0
500724,Downtown,Condo,Good,1136,12215,5,2.0,2004,12.4,3.3,60.9,6.54,10.0,407601.0,410181.0,411356.0
500725,Suburb,Condo,Excellent,1763,10980,3,1.5,2017,11.9,9.5,33.5,6.59,9.5,525336.0,584283.0,589080.0
500726,Downtown,House,Good,1993,7513,2,2.0,1982,2.44,5.7,28.1,6.32,7.0,552520.0,568761.0,549486.0
500727,University,Condo,Good,1589,,2,1.0,1993,0.3,6.8,51.4,7.01,8.0,330613.0,332851.0,328174.0
500728,University,House,Fair,1913,7266,4,2.0,1978,8.46,5.4,46.9,6.0,8.0,535457.0,554543.0,584878.0
500729,Downtown,House,Fair,1314,7283,4,1.0,2019,4.64,7.6,54.0,5.59,8.0,549845.0,485306.0,494777.0
500730,Suburb,House,Good,2847,17219,3,4.0,2005,11.02,4.9,54.5,6.42,12.0,803714.0,793474.0,795555.0
500731,Suburb,House,Excellent,3249,1532,3,3.5,2000,17.91,7.2,33.9,4.52,10.5,897139.0,878529.0,846330.0
500732,Suburb,House,Good,1597,6126,4,3.0,1950,17.9,6.8,50.0,5.98,10.0,399175.0,398920.0,388284.0
500733,Waterfront,Condo,Excellent,2110,8212,4,2.5,2000,10.1,8.3,61.6,6.34,9.5,838411.0,837501.0,843804.0
500734,Downtown,Condo,Fair,1698,13409,2,3.0,1985,14.84,5.5,39.9,5.95,9.0,487574.0,472591.0,475547.0
500735,Downtown,Condo,Excellent,2671,3531,3,3.0,2003,17.92,6.1,41.0,6.99,11.0,636447.0,700115.0,705647.0
500736,Suburb,House,Excellent,2133,8383,3,3.0,1969,8.73,6.7,28.6,6.64,10.0,494938.0,608250.0,619700.0
500737,Suburb,Condo,Good,1900,11418,4,3.0,1960,10.03,10.0,57.1,6.28,10.0,602430.0,590721.0,592055.0
500738,Rural,Condo,Good,1705,5211,3,1.5,1983,13.37,4.9,73.7,5.96,7.5,402742.0,404857.0,415047.0
500739,Suburb,House,Good,1932,2166,3,2.5,1985,8.26,7.4,25.1,6.89,10.5,503423.0,546697.0,525813.0
500740,Downtown,House,Fair,1200,5486,3,2.0,1991,5.6,6.1,56.3,5.79,7.0,505377.0,559033.0,588616.0
500741,Suburb,House,Good,2289,3312,1,1.5,1953,4.16,7.5,58.4,5.95,7.5,492089.0,558541.0,555216.0
500742,Waterfront,House,Good,1386,10061,3,1.5,1981,8.52,8.0,37.0,6.67,9.5,706488.0,637171.0,629748.0
500743,Rural,House,Good,2198,4086,3,2.5,2000,4.91,7.2,39.7,6.58,8.5,512140.0,491572.0,509385.0
500744,Downtown,House,Good,1934,,4,3.0,2016,13.07,7.4,29.9,7.47,10.0,500784.0,517143.0,524420.0
500745,University,House,Fair,2562,7411,2,1.0,1958,6.57,7.4,33.7,6.07,7.0,760546.0,731293.0,742892.0
500746,Suburb,Condo,Fair,,4199,3,,2017,16.9,6.2,47.6,5.04,8.5,567984.0,572070.0,564970.0
500747,University,House,Excellent,2515,5029,2,3.5,1974,15.45,6.7,54.7,6.61,9.5,713543.0,703005.0,706483.0
500748,Downtown,Condo,Fair,1250,3535,2,2.0,2007,1.38,4.6,46.9,6.98,6.0,300331.0,323147.0,331666.0
500749,University,House,Fair,2246,8600,4,2.0,1956,14.7,6.5,57.7,6.1,11.0,491102.0,517455.0,504250.0
500750,Downtown,Condo,Fair,1704,16656,3,2.0,2010,6.19,5.9,48.2,7.17,9.0,498747.0,527806.0,525404.0
500751,Suburb,Condo,Good,1976,5982,4,3.0,2024,16.37,6.7,28.1,7.31,10.0,445043.0,521171.0,518464.0
500752,Rural,Condo,Good,1897,11858,2,2.0,1988,11.46,8.1,66.5,5.79,8.0,511696.0,473477.0,470211.0
500753,Suburb,House,Excellent,2459,3868,3,1.5,1995,8.26,7.6,62.6,5.91,6.5,695729.0,645954.0,637875.0
500754,Downtown,Townhome,Excellent,537,8190,1,2.5,1970,12.38,7.7,34.9,5.43,6.5,436685.0,409260.0,394612.0
500755,Downtown,House,Excellent,2060,27124,3,1.0,1961,5.33,8.6,71.2,6.54,7.0,583571.0,622535.0,627739.0
500756,Suburb,House,Excellent,879,2929,3,2.5,2011,10.42,3.6,52.1,6.65,7.5,301651.0,336873.0,339885.0
500757,Downtown,House,Good,2634,14260,4,3.0,2019,10.74,7.6,47.2,6.58,10.0,838780.0,780988.0,794700.0
500758,Suburb,House,Fair,568,13767,3,2.5,1958,7.7,7.0,73.3,5.44,10.5,284175.0,235618.0,234955.0
500759,Downtown,House,Excellent,1198,2204,3,3.0,2008,10.76,6.9,8.8,5.73,8.0,557882.0,576297.0,568559.0
500760,Suburb,House,Fair,762,2879,4,2.5,1995,2.82,5.1,21.8,5.32,10.5,313335.0,384683.0,367797.0
500761,Suburb,House,Good,2916,3790,3,3.0,2008,11.74,7.8,55.7,5.2,8.0,767579.0,766895.0,768030.0
500762,Suburb,House,Good,1012,12174,4,2.5,1998,1.62,8.7,41.7,5.37,8.5,587184.0,575095.0,571580.0
500763,Suburb,Condo,Excellent,1924,5263,4,1.5,2020,12.12,8.5,31.5,5.22,8.5,575149.0,651278.0,675058.0
500764,Downtown,House,Fair,1502,6157,3,2.0,1958,11.26,6.9,67.4,6.09,10.0,435453.0,464294.0,491352.0
500765,Suburb,House,Good,680,10406,3,2.0,1951,12.62,7.9,52.4,6.47,9.0,177280.0,212197.0,230854.0
500766,Rural,House,Fair,1631,7305,3,3.0,1965,5.38,8.3,26.7,6.59,8.0,438114.0,443286.0,432799.0
500767,Suburb,House,Excellent,2281,,3,3.5,1957,25.93,9.6,35.7,6.19,11.5,723911.0,682980.0,666713.0
500768,Suburb,House,Good,1730,5613,4,2.5,2001,7.29,8.8,57.7,5.79,11.5,545398.0,533661.0,531027.0
500769,Rural,Townhome,Good,2462,,4,1.5,1991,9.46,7.2,71.5,6.2,9.5,515564.0,543478.0,533105.0
500770,Suburb,House,Good,1615,4267,4,1.5,2015,4.28,7.1,16.1,6.55,10.5,457196.0,512614.0,529425.0
500771,University,House,Fair,1854,18590,3,2.0,2019,16.77,7.2,49.0,6.02,9.0,534678.0,560544.0,562034.0
500772,University,House,Excellent,1600,5555,2,3.5,1979,5.92,7.3,39.8,6.23,7.5,629703.0,547934.0,543284.0
500773,Suburb,House,Good,2073,4215,3,2.5,2012,14.29,6.3,19.8,6.01,9.5,576864.0,555844.0,555799.0
500774,Rural,Townhome,Good,3084,10027,3,2.0,1990,3.22,8.1,43.0,5.88,10.0,740214.0,793877.0,808750.0
500775,Suburb,Townhome,Excellent,2085,8916,4,1.5,2014,10.39,6.0,21.9,6.22,8.5,684035.0,702675.0,691708.0
500776,Downtown,House,Good,1976,2073,3,3.0,2003,6.51,5.9,37.5,5.51,11.0,675894.0,690923.0,696767.0
500777,Suburb,House,Fair,1448,,3,2.5,1985,13.95,7.5,69.1,6.85,8.5,472169.0,439381.0,423957.0
500778,Rural,House,Good,1359,3025,4,2.0,1994,6.98,6.2,52.9,5.23,8.0,438354.0,443464.0,441144.0
500779,Waterfront,House,Good,2802,4133,3,2.5,1966,3.72,6.7,56.8,6.49,9.5,924707.0,896708.0,889065.0
500780,Downtown,Condo,Good,1127,10899,3,3.5,1985,11.23,4.0,54.2,5.36,10.5,399583.0,406701.0,410513.0
500781,Rural,Condo,Good,1256,4051,5,2.0,1952,1.85,8.1,50.6,7.13,12.0,301682.0,334799.0,336728.0
500782,Suburb,Condo,Good,1787,8411,5,3.5,1998,3.2,7.0,59.7,6.74,11.5,533391.0,526095.0,540279.0
500783,Downtown,Condo,Excellent,1573,5410,4,3.0,1956,13.04,6.8,28.4,5.7,12.0,580117.0,613236.0,621409.0
500784,Waterfront,House,Excellent,3122,21666,3,2.0,2003,0.3,7.7,40.2,5.92,7.0,1022903.0,1120605.0,1113613.0
500785,Rural,House,Good,450,6411,2,3.0,2019,13.0,7.3,57.9,5.5,9.0,238404.0,247898.0,232460.0
500786,Downtown,House,Excellent,2085,3355,4,2.0,2010,6.39,6.0,34.8,6.16,8.0,699511.0,743801.0,734338.0
500787,University,Condo,Excellent,2313,3499,3,1.5,1979,3.47,9.9,39.1,6.45,8.5,624654.0,691374.0,686455.0
500788,Downtown,House,Good,1122,3941,3,2.0,1992,10.08,6.4,63.1,7.78,7.0,268399.0,312125.0,309536.0
500789,Downtown,House,Good,1431,7323,3,1.5,1998,12.29,8.4,67.9,5.36,8.5,509901.0,482014.0,473199.0
500790,Suburb,Condo,Excellent,2131,6769,3,,2000,5.37,9.6,36.6,6.97,9.5,636072.0,614307.0,627104.0
500791,Waterfront,House,Good,,12127,3,2.0,1983,7.7,6.1,33.6,5.84,8.0,888221.0,857286.0,868341.0
500792,Downtown,House,Fair,1252,7492,3,2.5,1964,13.26,7.1,54.1,6.37,9.5,443345.0,418451.0,415358.0
500793,University,House,Good,824,7319,5,3.0,1962,12.99,5.8,49.5,6.74,13.0,235480.0,237398.0,231669.0
500794,Rural,Townhome,Good,2482,8226,4,1.0,1962,8.42,8.5,35.7,6.54,10.0,524386.0,517476.0,514777.0
500795,Downtown,House,Good,2840,6265,1,2.5,1951,4.34,6.5,54.3,6.46,7.5,687496.0,667849.0,667419.0
500796,Suburb,House,Good,1632,8067,2,1.0,2011,3.35,5.4,53.7,6.08,6.0,533121.0,546551.0,546371.0
500797,Suburb,House,Good,450,10827,2,2.5,1982,5.34,8.9,46.7,6.19,7.5,328025.0,328581.0,309669.0
500798,Suburb,Condo,Fair,2794,10826,2,1.5,1966,12.59,8.3,88.6,6.29,6.5,593714.0,626229.0,621257.0
500799,Rural,House,Fair,1721,,4,2.5,2013,12.02,5.7,65.5,6.94,10.5,339809.0,370850.0,348910.0
500800,Rural,Condo,Fair,2581,2341,4,3.5,1983,10.47,8.7,57.5,5.29,10.5,542360.0,585498.0,585995.0
500801,Waterfront,House,Good,1822,4163,3,1.0,2008,16.65,7.3,60.6,5.9,7.0,630269.0,685794.0,693805.0
500802,Downtown,Condo,Good,1606,8005,3,2.5,2017,7.05,10.0,88.9,5.43,8.5,544374.0,602337.0,589937.0
500803,University,House,Good,1556,1518,2,2.0,1975,6.6,9.5,61.7,5.6,6.0,445767.0,506898.0,508914.0
500804,Suburb,Townhome,Excellent,2808,5079,2,1.0,1961,6.58,6.2,35.1,5.71,7.0,751383.0,691277.0,684154.0
500805,University,House,Good,2782,8843,2,2.5,1960,19.61,6.6,50.3,6.88,8.5,571342.0,556456.0,548362.0
500806,University,Condo,Excellent,460,4814,2,2.0,2001,0.3,5.7,46.7,7.52,9.0,115461.0,229862.0,252995.0
500807,Waterfront,Condo,Good,1241,3451,5,2.0,1996,10.43,7.2,37.3,7.04,12.0,512328.0,551505.0,562039.0
500808,Suburb,House,Excellent,3005,19330,2,1.5,1968,11.31,7.1,49.4,5.47,7.5,736661.0,800729.0,806485.0
500809,Suburb,House,Fair,1611,15487,4,5.0,1999,9.14,8.1,49.3,6.25,11.0,654296.0,634304.0,629272.0
500810,Waterfront,House,Good,966,5777,4,2.0,1997,22.03,7.1,44.8,5.5,8.0,605428.0,576506.0,581404.0
500811,Waterfront,House,Excellent,1853,14912,3,1.0,2017,15.44,4.9,38.5,6.47,7.0,687658.0,738699.0,736514.0
500812,Suburb,House,Good,1780,14694,3,1.5,2012,13.17,5.8,57.8,6.98,7.5,513170.0,520235.0,525641.0
500813,Waterfront,Condo,Excellent,1787,3422,3,2.0,1974,3.72,9.0,22.2,6.56,8.0,765448.0,805772.0,795282.0
500814,Suburb,House,Fair,1538,33650,3,2.0,2012,11.64,8.7,57.7,6.74,9.0,670482.0,632951.0,632179.0
500815,Suburb,House,Fair,1648,3840,4,2.0,1997,6.71,6.8,45.8,6.11,8.0,595712.0,590932.0,586361.0
500816,Rural,House,Excellent,1554,5751,3,1.5,2009,9.08,6.8,49.6,4.99,9.5,627059.0,653670.0,637133.0
500817,Suburb,House,Good,2067,3489,4,2.5,2019,9.97,6.8,10.8,4.98,10.5,709493.0,695645.0,715568.0
500818,Suburb,House,Good,1322,7052,4,2.0,1989,6.11,7.0,70.3,6.14,11.0,429956.0,476760.0,486413.0
500819,Suburb,House,Excellent,1662,3057,3,,1958,12.42,4.6,20.3,6.55,7.0,529771.0,558445.0,549226.0
500820,Suburb,House,Fair,1756,6698,3,1.5,1991,18.07,8.3,33.0,6.98,7.5,383867.0,466989.0,449802.0
500821,Downtown,House,Excellent,2699,12875,3,2.0,2017,14.71,6.1,55.1,5.99,10.0,769692.0,773277.0,764806.0
500822,Downtown,House,Good,2093,7642,3,3.0,1963,10.08,7.2,36.7,6.25,9.0,564826.0,584664.0,574877.0
500823,Rural,Condo,Fair,1779,5735,2,2.5,1968,0.3,3.4,39.7,6.36,9.5,412197.0,450169.0,443072.0
500824,Suburb,House,Fair,2199,16985,4,2.0,1958,15.01,7.3,12.9,6.86,8.0,528723.0,571560.0,553847.0
500825,Rural,House,Good,2114,3923,3,2.0,2012,14.96,8.9,39.2,6.16,10.0,548270.0,585042.0,575356.0
500826,University,House,Good,2557,12005,2,2.5,2006,7.78,3.8,48.8,5.52,8.5,520832.0,634067.0,634861.0
500827,Suburb,House,Excellent,2179,5600,5,4.0,1980,6.18,9.2,55.6,6.87,13.0,563912.0,611921.0,616818.0
500828,Suburb,House,Fair,3016,7640,2,1.5,1953,12.6,7.7,41.4,6.45,6.5,719431.0,689786.0,666558.0
500829,,House,Fair,2724,6838,2,2.5,2020,4.31,6.0,48.9,6.44,6.5,735643.0,739942.0,739966.0
500830,Suburb,House,Fair,1823,7243,3,3.0,2020,13.39,4.7,52.1,5.42,10.0,434790.0,424130.0,412562.0
500831,Rural,Condo,Good,1581,6495,1,1.5,1972,2.8,8.7,35.8,6.2,4.5,347781.0,391697.0,379484.0
500832,Suburb,Townhome,Good,2424,4193,2,2.5,1964,3.7,7.4,34.6,5.14,8.5,631079.0,674030.0,670317.0
500833,Suburb,Condo,Good,2186,4764,2,,2017,9.0,7.8,74.4,4.96,9.5,613073.0,584948.0,576917.0
500834,Rural,House,Good,1789,8730,2,2.0,2004,0.68,6.6,33.2,6.05,6.0,438942.0,443464.0,451718.0
500835,Suburb,House,Good,,6276,3,2.5,1978,8.92,5.9,63.8,5.93,9.5,437764.0,444191.0,452479.0
500836,Downtown,House,Fair,659,3331,3,3.0,1984,11.92,8.2,46.7,6.55,8.0,441545.0,410532.0,406980.0
500837,Rural,House,Fair,2076,4382,4,3.0,2000,1.49,5.6,67.3,7.09,10.0,484258.0,460047.0,452500.0
500838,Rural,Townhome,Excellent,2351,4413,4,2.0,1996,14.15,8.3,36.3,6.18,10.0,519963.0,525534.0,546654.0
500839,Suburb,House,Good,2372,6468,4,2.5,1961,5.76,4.6,53.3,7.3,9.5,547432.0,592234.0,614263.0
500840,Rural,House,Excellent,1013,7436,4,,2007,12.02,5.7,50.5,5.84,12.0,506423.0,509953.0,514545.0
500841,Downtown,Condo,Good,2524,7053,3,1.5,1968,10.13,4.9,42.3,6.67,9.5,634469.0,665833.0,664062.0
500842,Suburb,House,Fair,1503,4509,4,2.5,1972,6.36,8.9,50.2,5.42,11.5,556486.0,577776.0,589688.0
500843,Suburb,House,Fair,2102,6743,3,3.0,2013,5.98,4.5,34.4,6.28,9.0,554004.0,523659.0,540782.0
500844,Suburb,Townhome,Fair,2121,2934,3,2.5,2012,0.3,5.4,44.5,6.0,9.5,688451.0,609436.0,603276.0
500845,Suburb,House,Good,1328,1182,5,2.5,2004,5.01,7.9,39.8,6.07,12.5,367030.0,445200.0,466525.0
500846,Rural,House,Good,1466,6447,4,2.5,2007,4.6,7.3,56.9,6.56,8.5,496124.0,556263.0,554429.0
500847,Suburb,House,Good,503,2469,3,3.0,1965,18.2,10.0,44.3,5.04,10.0,362015.0,358883.0,371798.0
500848,Downtown,Townhome,Good,1254,3772,4,3.0,1994,14.68,9.6,25.2,6.27,9.0,453505.0,420242.0,414200.0
500849,Rural,House,Good,678,3227,4,2.0,1956,1.23,7.9,40.2,5.7,8.0,203192.0,233367.0,234199.0
500850,Downtown,House,Fair,2134,9695,2,2.5,1993,13.46,8.0,44.2,6.27,9.5,576507.0,638385.0,633057.0
500851,Waterfront,Townhome,Good,1890,3215,3,2.0,2007,10.2,4.4,32.4,6.44,10.0,771904.0,691425.0,691771.0
500852,Suburb,Townhome,Excellent,2444,7834,2,2.0,1979,6.81,5.7,65.2,5.97,8.0,630351.0,639649.0,651703.0
500853,Suburb,Townhome,Fair,2082,4948,3,2.0,1997,11.56,6.5,51.6,5.97,9.0,562801.0,565885.0,555322.0
500854,Suburb,Condo,Good,1437,3158,2,1.5,2023,13.41,6.7,58.1,5.49,5.5,480220.0,526035.0,522545.0
500855,Waterfront,House,Good,,2576,5,3.0,1971,5.75,5.0,34.4,6.54,11.0,763058.0,789738.0,796203.0
500856,Suburb,House,Good,1596,8732,4,,1979,7.41,5.7,39.8,5.79,10.5,442077.0,437475.0,431993.0
500857,Rural,House,Good,,8340,2,3.5,1984,9.89,5.8,60.5,6.47,8.5,522252.0,510238.0,534323.0
500858,Waterfront,House,Good,2055,10517,3,3.0,1968,3.42,8.5,24.6,5.32,8.0,718009.0,792148.0,774878.0
500859,Waterfront,Townhome,Good,1207,19822,2,1.5,1989,10.0,7.6,51.1,7.04,8.5,508228.0,499735.0,529769.0
500860,Downtown,House,Excellent,1851,7772,3,3.5,1992,8.51,6.5,47.0,5.57,11.5,655271.0,701563.0,693806.0
500861,Suburb,House,Good,1886,7811,4,1.5,1982,5.14,6.6,38.3,6.91,10.5,553354.0,545168.0,556719.0
500862,Rural,House,Fair,1650,,3,2.0,2019,4.24,7.4,47.0,5.92,9.0,381560.0,408832.0,427984.0
500863,Rural,House,Fair,2432,7021,1,3.5,2017,10.69,6.0,29.9,6.54,9.5,496812.0,553630.0,559967.0
500864,Suburb,House,Excellent,2963,5338,3,1.5,2020,13.89,6.6,49.0,6.11,9.5,711891.0,707083.0,690423.0
500865,Suburb,House,Good,1611,3849,4,3.0,1992,10.83,4.5,27.8,6.62,12.0,476720.0,521788.0,517864.0
500866,Downtown,Townhome,Fair,1622,21759,3,2.5,1993,4.17,8.0,26.9,6.2,9.5,637760.0,595837.0,596683.0
500867,Downtown,Condo,Good,450,2152,4,,1956,13.18,8.4,66.3,6.98,11.0,250921.0,271346.0,278082.0
500868,Suburb,House,Excellent,1766,7652,2,1.5,1979,9.93,7.5,35.4,6.61,6.5,530201.0,550241.0,561923.0
500869,Downtown,Condo,Good,1566,8565,4,2.5,1976,12.31,7.7,14.6,6.62,9.5,613733.0,587065.0,600428.0
500870,Suburb,Condo,Fair,450,7183,2,2.0,2006,15.52,7.5,60.0,7.23,9.0,134628.0,161650.0,179148.0
500871,,House,Good,2038,3684,3,3.0,2010,3.91,9.9,34.3,5.77,11.0,656912.0,692127.0,680871.0
500872,Downtown,Condo,Good,2234,5845,4,3.0,1992,8.19,7.3,5.0,7.0,10.0,711900.0,666880.0,678676.0
500873,Downtown,Townhome,Fair,1373,4968,4,1.0,1951,5.62,5.1,44.8,6.24,7.0,438176.0,432457.0,411808.0
500874,Waterfront,House,Excellent,1608,3437,3,2.0,2012,4.07,5.5,59.3,5.29,9.0,677048.0,633420.0,635209.0
500875,Suburb,House,Good,1222,6364,3,2.0,1988,20.24,8.0,50.9,6.49,7.0,526791.0,520558.0,507890.0
500876,Suburb,Townhome,Fair,,5120,2,1.5,2013,14.25,8.5,71.0,6.07,5.5,514656.0,511274.0,490160.0
500877,Rural,Townhome,Excellent,864,4692,2,1.5,1974,0.3,8.1,43.8,7.24,5.5,354262.0,368956.0,379888.0
500878,Downtown,House,Excellent,1646,9837,4,2.5,2003,11.38,8.2,54.5,5.9,9.5,697641.0,609273.0,608940.0
500879,Suburb,House,Excellent,3118,3456,3,2.0,2007,5.86,7.3,30.8,6.23,8.0,714083.0,828016.0,839799.0
500880,Waterfront,Condo,Good,1884,8492,2,1.0,2023,15.43,4.9,48.1,6.34,7.0,655542.0,634450.0,615667.0
500881,University,Condo,Fair,2154,4518,2,2.0,2019,9.46,6.0,68.3,5.03,8.0,461580.0,488722.0,474269.0
500882,Rural,House,Good,1755,8415,3,2.5,1999,8.01,4.4,53.1,6.51,8.5,421935.0,413440.0,412279.0
500883,Downtown,House,Good,1087,6786,5,,1956,9.79,6.4,48.1,5.59,9.0,323636.0,365896.0,358005.0
500884,Suburb,House,Excellent,1829,7517,4,1.5,2024,11.14,5.0,16.6,7.07,10.5,568062.0,517044.0,517914.0
500885,Downtown,Townhome,Excellent,2114,3614,4,3.5,1970,9.16,7.1,40.1,7.23,11.5,570269.0,613588.0,606199.0
500886,Suburb,House,Excellent,1185,4084,1,3.5,1999,7.76,6.8,26.7,6.19,8.5,527846.0,607743.0,603724.0
500887,Downtown,House,Good,2072,3888,3,1.0,1980,8.22,4.2,57.2,5.22,8.0,461820.0,518076.0,504499.0
500888,Downtown,House,Good,2659,7206,4,1.0,1966,11.86,8.0,34.8,6.31,10.0,628043.0,663633.0,678910.0
500889,Rural,House,Fair,2545,10156,4,2.5,2018,2.66,8.1,51.0,6.31,8.5,604410.0,656644.0,652867.0
500890,Downtown,Townhome,Good,821,12388,4,1.0,1997,8.98,5.0,30.9,6.64,9.0,414460.0,470541.0,456506.0
500891,Downtown,House,Fair,1216,,3,2.0,1976,8.32,7.2,73.5,6.02,9.0,283583.0,328021.0,336130.0
500892,University,House,,801,6822,5,2.0,2008,6.27,8.0,28.4,5.47,11.0,335905.0,330247.0,336021.0
500893,Suburb,Townhome,Fair,2546,2459,5,2.5,2024,13.12,6.6,47.7,6.11,12.5,578274.0,633884.0,636481.0
500894,Suburb,House,Good,2247,1716,3,1.0,1982,1.76,8.2,84.5,5.63,8.0,613869.0,636585.0,639261.0
500895,Downtown,House,Good,2307,3854,2,,1975,6.94,7.3,48.9,7.29,7.0,507051.0,538961.0,534286.0
500896,University,Condo,Good,1279,4344,5,1.0,1962,4.22,8.5,32.8,5.76,8.0,319714.0,361583.0,360041.0
500897,Rural,House,Fair,1092,2552,3,3.0,1976,12.05,7.3,54.8,5.8,8.0,237791.0,257075.0,230748.0
500898,Suburb,Townhome,Fair,1900,2229,4,2.0,1976,6.37,6.8,60.3,6.17,9.0,512403.0,543375.0,524858.0
500899,Rural,Condo,Good,1916,8898,5,1.0,2020,9.27,7.7,58.6,5.44,10.0,480664.0,500486.0,485861.0
500900,Downtown,House,Good,1295,3994,2,2.5,2009,11.15,8.1,16.6,5.93,9.5,553490.0,589057.0,592484.0
